observation_date,EXINUS
01-01-1973,8.0041
01-02-1973,7.7538
01-03-1973,7.5465
01-04-1973,7.5462
01-05-1973,7.4927
01-06-1973,7.2719
01-07-1973,7.351
01-08-1973,7.5643
01-09-1973,7.7
01-10-1973,7.7271
01-11-1973,7.834
01-12-1973,8.11
01-01-1974,8.4377
01-02-1974,8.2444
01-03-1974,8.0567
01-04-1974,7.8655
01-05-1974,7.7855
01-06-1974,7.849
01-07-1974,7.8345
01-08-1974,7.9841
01-09-1974,8.121
01-10-1974,8.0505
01-11-1974,8.0644
01-12-1974,8.0952
01-01-1975,8.13
01-02-1975,7.9717
01-03-1975,7.75
01-04-1975,7.8841
01-05-1975,8.07
01-06-1975,8.1914
01-07-1975,8.4895
01-08-1975,8.7895
01-09-1975,8.8648
01-10-1975,8.8945
01-11-1975,8.8994
01-12-1975,8.9827
01-01-1976,8.9471
01-02-1976,8.9389
01-03-1976,8.9648
01-04-1976,8.9918
01-05-1976,9.0265
01-06-1976,9.1109
01-07-1976,8.9233
01-08-1976,8.9755
01-09-1976,9.0614
01-10-1976,8.896
01-11-1976,8.9658
01-12-1976,8.8535
01-01-1977,8.9052
01-02-1977,8.8626
01-03-1977,8.8417
01-04-1977,8.8429
01-05-1977,8.8338
01-06-1977,8.8605
01-07-1977,8.8163
01-08-1977,8.7213
01-09-1977,8.73
01-10-1977,8.615
01-11-1977,8.6405
01-12-1977,8.5371
01-01-1978,8.201
01-02-1978,8.1094
01-03-1978,8.2078
01-04-1978,8.465
01-05-1978,8.5827
01-06-1978,8.4041
01-07-1978,8.1665
01-08-1978,8.0139
01-09-1978,8.0365
01-10-1978,7.911
01-11-1978,8.0335
01-12-1978,8.216
01-01-1979,8.2091
01-02-1979,8.25
01-03-1979,8.2418
01-04-1979,8.2062
01-05-1979,8.2891
01-06-1979,8.119
01-07-1979,7.9067
01-08-1979,8.0113
01-09-1979,8.1358
01-10-1979,8.2259
01-11-1979,8.1926
01-12-1979,8.0995
01-01-1980,7.9882
01-02-1980,7.9816
01-03-1980,8.1519
01-04-1980,8.07
01-05-1980,7.8586
01-06-1980,7.8424
01-07-1980,7.7664
01-08-1980,7.7824
01-09-1980,7.7495
01-10-1980,7.7323
01-11-1980,7.7712
01-12-1980,7.9314
01-01-1981,7.9576
01-02-1981,8.2211
01-03-1981,8.2432
01-04-1981,8.2918
01-05-1981,8.4045
01-06-1981,8.5564
01-07-1981,8.9065
01-08-1981,9.0605
01-09-1981,9.1152
01-10-1981,9.1348
01-11-1981,9.135
01-12-1981,9.1305
01-01-1982,9.1525
01-02-1982,9.2144
01-03-1982,9.2935
01-04-1982,9.3923
01-05-1982,9.2965
01-06-1982,9.4668
01-07-1982,9.5633
01-08-1982,9.5741
01-09-1982,9.6495
01-10-1982,9.7005
01-11-1982,9.7968
01-12-1982,9.6926
01-01-1983,9.7938
01-02-1983,9.9184
01-03-1983,9.9652
01-04-1983,9.9824
01-05-1983,9.9895
01-06-1983,10.0491
01-07-1983,10.0875
01-08-1983,10.1874
01-09-1983,10.2005
01-10-1983,10.229
01-11-1983,10.3784
01-12-1983,10.4895
01-01-1984,10.7152
01-02-1984,10.7437
01-03-1984,10.7145
01-04-1984,10.82
01-05-1984,11.0168
01-06-1984,11.0638
01-07-1984,11.3714
01-08-1984,11.5561
01-09-1984,11.8584
01-10-1984,12.0268
01-11-1984,12.0784
01-12-1984,12.2925
01-01-1985,12.6119
01-02-1985,12.9217
01-03-1985,12.8614
01-04-1985,12.4005
01-05-1985,12.5005
01-06-1985,12.4405
01-07-1985,12.0314
01-08-1985,11.8977
01-09-1985,12.1255
01-10-1985,12.0332
01-11-1985,12.1011
01-12-1985,12.1524
01-01-1986,12.2433
01-02-1986,12.37
01-03-1986,12.289
01-04-1986,12.3932
01-05-1986,12.4657
01-06-1986,12.5986
01-07-1986,12.5077
01-08-1986,12.5667
01-09-1986,12.6757
01-10-1986,12.8486
01-11-1986,13.0761
01-12-1986,13.1486
01-01-1987,13.0295
01-02-1987,13.0621
01-03-1987,12.9236
01-04-1987,12.8145
01-05-1987,12.666
01-06-1987,12.8368
01-07-1987,13.0126
01-08-1987,13.0852
01-09-1987,12.9933
01-10-1987,13.0429
01-11-1987,12.9721
01-12-1987,12.9345
01-01-1988,13.0395
01-02-1988,13.065
01-03-1988,12.9791
01-04-1988,13.1576
01-05-1988,13.3157
01-06-1988,13.7859
01-07-1988,14.0795
01-08-1988,14.217
01-09-1988,14.4895
01-10-1988,14.72
01-11-1988,14.966
01-12-1988,15.019
01-01-1989,15.0925
01-02-1989,15.2405
01-03-1989,15.4674
01-04-1989,15.718
01-05-1989,16.1018
01-06-1989,16.4195
01-07-1989,16.416
01-08-1989,16.6091
01-09-1989,16.745
01-10-1989,16.819
01-11-1989,16.9248
01-12-1989,16.932
01-01-1990,16.9633
01-02-1990,16.9895
01-03-1990,17.1164
01-04-1990,17.2943
01-05-1990,17.3245
01-06-1990,17.421
01-07-1990,17.4119
01-08-1990,17.3465
01-09-1990,17.8595
01-10-1990,18.0736
01-11-1990,18.0975
01-12-1990,18.1272
01-01-1991,18.339
01-02-1991,18.86
01-03-1991,19.2429
01-04-1991,19.9064
01-05-1991,20.5186
01-06-1991,21.062
01-07-1991,25.6127
01-08-1991,25.8457
01-09-1991,25.8335
01-10-1991,25.7973
01-11-1991,25.8021
01-12-1991,25.818
01-01-1992,25.8629
01-02-1992,25.9921
01-03-1992,28.3777
01-04-1992,28.8962
01-05-1992,28.5415
01-06-1992,28.5186
01-07-1992,28.5639
01-08-1992,28.4635
01-09-1992,28.4757
01-10-1992,28.4767
01-11-1992,28.4737
01-12-1992,28.9786
01-01-1993,29.0432
01-02-1993,30.0421
01-03-1993,31.9391
01-04-1993,31.6095
01-05-1993,31.6125
01-06-1993,31.6682
01-07-1993,31.6
01-08-1993,31.6123
01-09-1993,31.5776
01-10-1993,31.505
01-11-1993,31.4335
01-12-1993,31.44
01-01-1994,31.44
01-02-1994,31.4489
01-03-1994,31.4147
01-04-1994,31.3914
01-05-1994,31.3754
01-06-1994,31.3845
01-07-1994,31.3764
01-08-1994,31.3727
01-09-1994,31.3723
01-10-1994,31.3726
01-11-1994,31.394
01-12-1994,31.3894
01-01-1995,31.3736
01-02-1995,31.3795
01-03-1995,31.5865
01-04-1995,31.4073
01-05-1995,31.4179
01-06-1995,31.4037
01-07-1995,31.3853
01-08-1995,31.5923
01-09-1995,33.3098
01-10-1995,34.6564
01-11-1995,34.71
01-12-1995,34.9663
01-01-1996,35.8117
01-02-1996,36.5945
01-03-1996,34.4852
01-04-1996,34.3195
01-05-1996,35.025
01-06-1996,35.0995
01-07-1996,35.6673
01-08-1996,35.8
01-09-1996,35.87
01-10-1996,35.8036
01-11-1996,35.8392
01-12-1996,35.8815
01-01-1997,35.9037
01-02-1997,35.8905
01-03-1997,35.8848
01-04-1997,35.8281
01-05-1997,35.8248
01-06-1997,35.8202
01-07-1997,35.7474
01-08-1997,36.0085
01-09-1997,36.4756
01-10-1997,36.302
01-11-1997,37.2889
01-12-1997,39.4
01-01-1998,39.391
01-02-1998,39.0079
01-03-1998,39.5686
01-04-1998,39.7029
01-05-1998,40.4687
01-06-1998,42.3668
01-07-1998,42.6118
01-08-1998,42.8429
01-09-1998,42.579
01-10-1998,42.3943
01-11-1998,42.4284
01-12-1998,42.5909
01-01-1999,42.5453
01-02-1999,42.5316
01-03-1999,42.5161
01-04-1999,42.7968
01-05-1999,42.859
01-06-1999,43.2127
01-07-1999,43.3567
01-08-1999,43.5032
01-09-1999,43.5981
01-10-1999,43.5528
01-11-1999,43.458
01-12-1999,43.5239
01-01-2000,43.5895
01-02-2000,43.654
01-03-2000,43.6383
01-04-2000,43.6847
01-05-2000,44.0759
01-06-2000,44.7605
01-07-2000,44.8405
01-08-2000,45.7687
01-09-2000,45.968
01-10-2000,46.4252
01-11-2000,46.8214
01-12-2000,46.7845
01-01-2001,46.6138
01-02-2001,46.5616
01-03-2001,46.6532
01-04-2001,46.7886
01-05-2001,46.9473
01-06-2001,47.0424
01-07-2001,47.1781
01-08-2001,47.1665
01-09-2001,47.7511
01-10-2001,48.0514
01-11-2001,48.043
01-12-2001,47.9345
01-01-2002,48.3533
01-02-2002,48.7168
01-03-2002,48.7667
01-04-2002,48.9386
01-05-2002,49.0168
01-06-2002,48.984
01-07-2002,48.7877
01-08-2002,48.615
01-09-2002,48.4625
01-10-2002,48.3882
01-11-2002,48.2853
01-12-2002,48.1495
01-01-2003,47.9571
01-02-2003,47.7474
01-03-2003,47.6767
01-04-2003,47.3909
01-05-2003,47.11
01-06-2003,46.6995
01-07-2003,46.22
01-08-2003,45.9557
01-09-2003,45.8467
01-10-2003,45.4036
01-11-2003,45.5544
01-12-2003,45.5741
01-01-2004,45.456
01-02-2004,45.2726
01-03-2004,44.9693
01-04-2004,43.8918
01-05-2004,45.1755
01-06-2004,45.5027
01-07-2004,46.0557
01-08-2004,46.322
01-09-2004,46.0548
01-10-2004,45.7355
01-11-2004,45.0325
01-12-2004,43.847
01-01-2005,43.615
01-02-2005,43.5758
01-03-2005,43.5861
01-04-2005,43.6419
01-05-2005,43.4095
01-06-2005,43.5245
01-07-2005,43.434
01-08-2005,43.55
01-09-2005,43.8462
01-10-2005,44.7575
01-11-2005,45.6315
01-12-2005,45.5633
01-01-2006,44.201
01-02-2006,44.23
01-03-2006,44.3378
01-04-2006,44.8245
01-05-2006,45.1959
01-06-2006,45.8886
01-07-2006,46.3675
01-08-2006,46.4461
01-09-2006,46.0105
01-10-2006,45.3552
01-11-2006,44.7257
01-12-2006,44.4835
01-01-2007,44.2062
01-02-2007,44.0195
01-03-2007,43.7936
01-04-2007,42.0176
01-05-2007,40.5686
01-06-2007,40.5905
01-07-2007,40.2738
01-08-2007,40.6791
01-09-2007,40.1735
01-10-2007,39.3661
01-11-2007,39.3267
01-12-2007,39.375
01-01-2008,39.2676
01-02-2008,39.6735
01-03-2008,40.1452
01-04-2008,39.9668
01-05-2008,42.0019
01-06-2008,42.7633
01-07-2008,42.7027
01-08-2008,42.9057
01-09-2008,45.53
01-10-2008,48.6155
01-11-2008,48.8517
01-12-2008,48.5132
01-01-2009,48.6995
01-02-2009,49.2484
01-03-2009,51.1291
01-04-2009,49.9655
01-05-2009,48.51
01-06-2009,47.6736
01-07-2009,48.3624
01-08-2009,48.2426
01-09-2009,48.2924
01-10-2009,46.6524
01-11-2009,46.5305
01-12-2009,46.5273
01-01-2010,45.8944
01-02-2010,46.2732
01-03-2010,45.4509
01-04-2010,44.444
01-05-2010,45.769
01-06-2010,46.4983
01-07-2010,46.7617
01-08-2010,46.4605
01-09-2010,45.8729
01-10-2010,44.354
01-11-2010,44.9315
01-12-2010,45.1
01-01-2011,45.375
01-02-2011,45.3795
01-03-2011,44.9143
01-04-2011,44.301
01-05-2011,44.9024
01-06-2011,44.8109
01-07-2011,44.396
01-08-2011,45.3135
01-09-2011,47.6905
01-10-2011,49.202
01-11-2011,50.6785
01-12-2011,52.3824
01-01-2012,51.0015
01-02-2012,49.1812
01-03-2012,50.3635
01-04-2012,51.69
01-05-2012,54.3314
01-06-2012,55.9424
01-07-2012,55.4248
01-08-2012,55.4935
01-09-2012,54.35
01-10-2012,53.0995
01-11-2012,54.7845
01-12-2012,54.647
01-01-2013,54.229
01-02-2013,53.8079
01-03-2013,54.4229
01-04-2013,54.3236
01-05-2013,54.9845
01-06-2013,58.3835
01-07-2013,59.7609
01-08-2013,62.8109
01-09-2013,63.648
01-10-2013,61.6059
01-11-2013,62.5179
01-12-2013,61.811
01-01-2014,62.1057
01-02-2014,62.1642
01-03-2014,60.9476
01-04-2014,60.3464
01-05-2014,59.2843
01-06-2014,59.7367
01-07-2014,60.0956
01-08-2014,60.8738
01-09-2014,60.8976
01-10-2014,61.3668
01-11-2014,61.6828
01-12-2014,62.7071
01-01-2015,62.13
01-02-2015,61.9905
01-03-2015,62.4805
01-04-2015,62.6414
01-05-2015,63.715
01-06-2015,63.7809
01-07-2015,63.6045
01-08-2015,65.0971
01-09-2015,66.1667
01-10-2015,65.0262
01-11-2015,66.1
01-12-2015,66.5023
01-01-2016,67.3332
01-02-2016,68.2395
01-03-2016,66.8909
01-04-2016,66.4219
01-05-2016,66.8895
01-06-2016,67.2655
01-07-2016,67.158
01-08-2016,66.9035
01-09-2016,66.7138
01-10-2016,66.7415
01-11-2016,67.6395
01-12-2016,67.8052
01-01-2017,68.0474
01-02-2017,66.9726
01-03-2017,65.8009
01-04-2017,64.536
01-05-2017,64.4195
01-06-2017,64.4482
01-07-2017,64.424
01-08-2017,63.9683
01-09-2017,64.4775
01-10-2017,65.0357
01-11-2017,64.8435
01-12-2017,64.2445
01-01-2018,63.6452
01-02-2018,64.43
01-03-2018,65.0455
01-04-2018,65.6729
01-05-2018,67.51
01-06-2018,67.79
01-07-2018,68.6867
01-08-2018,69.6317
01-09-2018,72.2779
01-10-2018,73.5609
01-11-2018,71.738
01-12-2018,70.8331
01-01-2019,70.71
01-02-2019,71.1739
01-03-2019,69.4895
01-04-2019,69.4068
01-05-2019,69.7827
01-06-2019,69.388
01-07-2019,68.7391
01-08-2019,71.1891
01-09-2019,71.311
01-10-2019,71.0086
01-11-2019,71.4942
01-12-2019,71.1567
01-01-2020,71.279
01-02-2020,71.5295
01-03-2020,74.5482
01-04-2020,76.1682
01-05-2020,75.6575
01-06-2020,75.7077
01-07-2020,74.9286
01-08-2020,74.5657
01-09-2020,73.5233
01-10-2020,73.5648
01-11-2020,74.2311
01-12-2020,73.6195
01-01-2021,73.1106
01-02-2021,72.8053
01-03-2021,72.8196
01-04-2021,74.5186
01-05-2021,73.2065
01-06-2021,73.5782
01-07-2021,74.539
01-08-2021,74.1155
01-09-2021,73.6357
01-10-2021,74.92
01-11-2021,74.477
01-12-2021,75.3948
01-01-2022,74.4075
01-02-2022,74.9695
01-03-2022,76.1896
01-04-2022,76.1719
01-05-2022,77.2933
01-06-2022,78.09
01-07-2022,79.5915
01-08-2022,79.5065
01-09-2022,80.2538
01-10-2022,82.2915
01-11-2022,81.6805
01-12-2022,82.4738
01-01-2023,81.741
01-02-2023,82.5995
01-03-2023,82.2665
01-04-2023,81.9685
01-05-2023,82.2977
01-06-2023,82.2252
01-07-2023,82.1565
01-08-2023,82.8122
01-09-2023,83.07
01-10-2023,83.2162
01-11-2023,83.266
01-12-2023,83.254
01-01-2024,83.1119
01-02-2024,82.9485
01-03-2024,83.0214
01-04-2024,83.3968
01-05-2024,83.3873
01-06-2024,83.46
01-07-2024,83.5895
01-08-2024,83.8855
01-09-2024,83.791
01-10-2024,84.005
01-11-2024,84.3326
01-12-2024,84.9686
01-01-2025,86.2652
01-02-2025,87.0637
01-03-2025,86.5214
01-04-2025,85.5768
01-05-2025,85.2462
01-06-2025,85.8765
01-07-2025,86.1714
01-08-2025,87.5695
01-09-2025,88.3214
01-10-2025,88.3691
01-11-2025,88.8444
01-12-2025,90.035
