Date,Price,Open,High,Low,Vol.,Change %
12-01-2025,"4,386.30","4,258.50","4,557.20","4,194.00",3.38M,4.38%
11-01-2025,"4,202.30","4,001.00","4,250.00","3,935.70",3.51M,4.64%
10-01-2025,"4,015.90","3,887.70","4,398.00","3,842.80",6.31M,3.68%
09-01-2025,"3,873.20","3,517.90","3,899.20","3,506.00",3.97M,10.28%
08-01-2025,"3,512.00","3,416.60","3,517.65","3,353.40",3.12M,4.88%
07-01-2025,"3,348.60","3,315.70","3,509.00","3,290.20",3.59M,1.24%
06-01-2025,"3,307.70","3,323.00","3,476.30","3,250.50",3.18M,-1.08%
05-01-2025,"3,343.90","3,299.00","3,448.20","3,123.30",4.06M,0.75%
04-01-2025,"3,319.10","3,157.30","3,509.90","2,970.40",4.42M,5.36%
03-01-2025,"3,150.30","2,872.00","3,162.00","2,866.30",3.15M,8.78%
02-01-2025,"2,895.90","2,846.50","2,973.40","2,802.20",2.81M,1.78%
01-01-2025,"2,845.20","2,641.00","2,853.20","2,624.60",2.86M,8.67%
12-01-2024,"2,618.10","2,663.70","2,743.80","2,585.90",2.36M,-1.29%
11-01-2024,"2,652.30","2,743.50","2,759.50","2,541.50",3.35M,-3.53%
10-01-2024,"2,749.30","2,644.40","2,801.80","2,608.80",3.42M,3.83%
09-01-2024,"2,647.90","2,509.00","2,683.90","2,479.80",3.14M,4.38%
08-01-2024,"2,536.70","2,458.80","2,538.70","2,373.80",3.06M,4.03%
07-01-2024,"2,438.50","2,336.20","2,488.40","2,327.40",3.97M,4.36%
06-01-2024,"2,336.60","2,335.00","2,385.20","2,292.90",2.78M,-0.77%
05-01-2024,"2,354.70","2,298.20","2,454.20","2,291.70",3.65M,2.25%
04-01-2024,"2,302.90","2,243.50","2,402.20","2,238.50",4.80M,4.61%
03-01-2024,"2,201.40","2,091.60","2,225.30","2,088.10",3.86M,7.14%
02-01-2024,"2,054.70","2,047.70","2,072.90","1,987.20",2.83M,-0.13%
01-01-2024,"2,057.40","2,072.70","2,088.10","2,004.00",3.58M,-1.25%
12-01-2023,"2,083.50","2,083.40","2,140.70","1,979.00",2.43M,1.75%
11-01-2023,"2,047.60","1,993.30","2,062.30","1,935.60",3.29M,2.67%
10-01-2023,"1,994.30","1,853.90","2,017.70","1,817.80",3.89M,6.68%
09-01-2023,"1,869.50","1,947.90","1,954.10","1,865.50",2.77M,-3.98%
08-01-2023,"1,947.00","1,974.30","1,974.40","1,886.30",2.82M,-1.65%
07-01-2023,"1,979.60","1,927.80","1,989.80","1,908.50",3.29M,3.22%
06-01-2023,"1,917.90","1,972.30","1,991.40","1,900.60",2.95M,-2.80%
05-01-2023,"1,973.10","2,000.20","2,085.40","1,939.00",4.20M,-1.30%
04-01-2023,"1,999.00","1,982.60","2,053.00","1,956.90",2.99M,0.53%
03-01-2023,"1,988.50","1,834.00","2,014.90","1,813.40",4.22M,8.26%
02-01-2023,"1,836.70","1,935.10","1,966.30","1,810.80",2.80M,-5.16%
01-01-2023,"1,936.60","1,831.80","1,949.80","1,829.90",3.28M,6.06%
12-01-2022,"1,826.00","1,778.40","1,834.10","1,771.60",2.34M,4.15%
11-01-2022,"1,753.20","1,636.10","1,791.80","1,618.30",3.63M,6.86%
10-01-2022,"1,640.70","1,667.90","1,731.50","1,621.20",3.13M,-1.38%
09-01-2022,"1,663.60","1,713.10","1,736.40","1,613.00",3.28M,-3.10%
08-01-2022,"1,716.90","1,767.70","1,809.10","1,711.70",2.72M,-2.14%
07-01-2022,"1,754.40","1,814.40","1,815.20","1,678.40",2.98M,-2.93%
06-01-2022,"1,807.30","1,837.10","1,879.50","1,802.50",2.75M,-2.05%
05-01-2022,"1,845.20","1,896.20","1,910.70","1,785.00",3.05M,-2.44%
04-01-2022,"1,891.30","1,924.50","2,000.00","1,870.90",2.36M,-3.06%
03-01-2022,"1,951.10","1,908.40","2,078.80","1,888.30",3.93M,2.65%
02-01-2022,"1,900.70","1,900.30","1,975.00","1,880.00",876.83K,5.81%
01-01-2022,"1,796.40","1,830.10","1,854.20","1,780.60",4.33M,-1.76%
12-01-2021,"1,828.60","1,777.40","1,831.40","1,753.00",2.88M,2.93%
11-01-2021,"1,776.50","1,785.30","1,879.50","1,758.50",4.73M,-0.41%
10-01-2021,"1,783.90","1,757.20","1,815.50","1,745.40",3.92M,1.53%
09-01-2021,"1,757.00","1,816.70","1,836.90","1,721.10",3.65M,-3.36%
08-01-2021,"1,818.10","1,817.00","1,835.90","1,677.90",3.66M,0.05%
07-01-2021,"1,817.20","1,770.80","1,837.50","1,765.90",4.37M,2.57%
06-01-2021,"1,771.60","1,906.80","1,919.20","1,750.10",4.62M,-7.02%
05-01-2021,"1,905.30","1,768.10","1,913.30","1,765.60",4.94M,7.78%
04-01-2021,"1,767.70","1,709.00","1,798.40","1,706.40",3.43M,3.04%
03-01-2021,"1,715.60","1,732.80","1,757.40","1,673.30",5.08M,-0.76%
02-01-2021,"1,728.80","1,865.00","1,876.00","1,714.90",4.33M,-6.57%
01-01-2021,"1,850.30","1,908.20","1,962.50","1,800.80",4.89M,-2.36%
12-01-2020,"1,895.10","1,780.30","1,912.00","1,778.40",3.82M,6.41%
11-01-2020,"1,780.90","1,877.00","1,966.10","1,767.20",4.94M,-5.27%
10-01-2020,"1,879.90","1,891.20","1,939.40","1,859.20",4.42M,-0.82%
09-01-2020,"1,895.50","1,973.70","2,001.20","1,851.00",5.92M,-4.20%
08-01-2020,"1,978.60","1,997.40","2,089.20","1,874.20",7.18M,-0.37%
07-01-2020,"1,985.90","1,798.90","2,005.40","1,766.30",5.81M,10.30%
06-01-2020,"1,800.50","1,749.80","1,804.00","1,671.70",4.15M,2.79%
05-01-2020,"1,751.70","1,693.50","1,775.80","1,676.00",4.06M,3.39%
04-01-2020,"1,694.20","1,589.40","1,788.80","1,576.00",3.96M,6.11%
03-01-2020,"1,596.60","1,592.80","1,704.30","1,450.90",8.47M,1.91%
02-01-2020,"1,566.70","1,597.80","1,691.70","1,551.10",7.43M,-1.34%
01-01-2020,"1,587.90","1,521.00","1,613.30","1,519.70",8.01M,8721.18%
12-01-2019,18,17.02,18.1,16.59,3.85M,5.83%
11-01-2019,17.01,18.19,18.21,16.68,5.62M,-6.15%
10-01-2019,18.12,17.05,18.17,16.94,6.48M,6.62%
09-01-2019,17,18.58,19.51,16.98,6.59M,-6.98%
08-01-2019,18.27,16.04,18.76,16.04,6.85M,11.13%
07-01-2019,16.44,15.31,16.76,14.97,7.27M,7.52%
06-01-2019,15.29,14.68,15.53,14.66,5.82M,5.26%
05-01-2019,14.53,14.98,14.99,14.27,4.45M,-3.03%
04-01-2019,14.98,15.18,15.3,14.73,4.15M,-0.23%
03-01-2019,15.02,15.23,15.65,14.98,4.20M,-3.93%
02-01-2019,15.63,15.83,16.22,15.51,3.11M,-3.01%
01-01-2019,16.12,15.55,16.21,15.19,3.98M,5.64%
12-01-2018,15.26,14.4,15.26,14.39,2.86M,6.30%
11-01-2018,14.36,14.31,14.85,13.93,3.99M,0.22%
10-01-2018,14.32,14.73,14.95,14.26,5.28M,0.24%
09-01-2018,14.29,14.48,14.5,14.03,4.18M,-1.79%
08-01-2018,14.55,15.59,15.59,14.38,4.83M,-6.71%
07-01-2018,15.6,16.15,16.26,15.19,4.95M,-2.77%
06-01-2018,16.04,16.5,17.36,15.97,4.34M,-2.80%
05-01-2018,16.5,16.34,16.79,16.07,6.19M,0.62%
04-01-2018,16.4,16.7,17.39,16.23,5.32M,0.64%
03-01-2018,16.3,16.43,16.9,16.1,5.09M,-0.67%
02-01-2018,16.41,17.36,17.36,16.29,4.73M,-5.07%
01-01-2018,17.28,17.03,17.7,16.74,6.22M,2.13%
12-01-2017,16.92,16.37,16.93,15.63,3.73M,2.91%
11-01-2017,16.44,16.74,17.33,16.25,6.18M,-1.68%
10-01-2017,16.73,16.67,17.5,16.56,5.52M,-0.72%
09-01-2017,16.85,17.88,18.23,16.7,4.94M,-4.14%
08-01-2017,17.58,16.91,17.75,16.19,5.77M,4.09%
07-01-2017,16.88,16.64,16.97,15.15,3.99M,1.38%
06-01-2017,16.65,17.39,17.73,16.28,3.77M,-4.73%
05-01-2017,17.48,17.3,17.54,16.13,4.47M,0.42%
04-01-2017,17.41,17.95,18.73,17.35,2.38M,-98.61%
03-01-2017,"1,251.20","1,248.50","1,261.00","1,194.50",5.08M,-0.22%
02-01-2017,"1,253.90","1,212.20","1,264.90","1,199.70",4.17M,3.51%
01-01-2017,"1,211.40","1,151.40","1,220.10","1,146.50",4.85M,5.18%
12-01-2016,"1,151.70","1,175.10","1,190.20","1,124.30",3.30M,-1.89%
11-01-2016,"1,173.90","1,277.80","1,338.30","1,170.30",5.98M,-7.79%
10-01-2016,"1,273.10","1,321.00","1,322.60","1,243.20",3.49M,-3.34%
09-01-2016,"1,317.10","1,311.70","1,357.60","1,305.50",3.66M,0.43%
08-01-2016,"1,311.40","1,357.20","1,374.20","1,306.90",3.98M,-3.40%
07-01-2016,"1,357.50","1,324.80","1,377.50","1,310.70",4.61M,2.79%
06-01-2016,"1,320.60","1,217.90","1,362.60","1,208.20",4.54M,8.47%
05-01-2016,"1,217.50","1,293.20","1,306.00","1,201.50",4.63M,-5.66%
04-01-2016,"1,290.50","1,234.10","1,299.00","1,210.30",3.66M,4.44%
03-01-2016,"1,235.60","1,238.90","1,287.80","1,206.00",4.59M,0.10%
02-01-2016,"1,234.40","1,118.00","1,263.90","1,115.30",4.08M,10.57%
01-01-2016,"1,116.40","1,061.50","1,128.00","1,061.00",3.23M,5.30%
12-01-2015,"1,060.20","1,064.60","1,088.30","1,045.40",2.56M,-0.48%
11-01-2015,"1,065.30","1,141.30","1,142.70","1,051.60",3.17M,-6.67%
10-01-2015,"1,141.40","1,114.50","1,191.70","1,103.80",2.91M,2.35%
09-01-2015,"1,115.20","1,133.80","1,156.40","1,097.70",2.67M,-1.53%
08-01-2015,"1,132.50","1,095.10","1,169.80","1,080.20",3.18M,3.42%
07-01-2015,"1,095.10","1,172.40","1,174.40","1,072.30",3.60M,-6.55%
06-01-2015,"1,171.80","1,189.80","1,205.70","1,162.10",2.70M,-1.51%
05-01-2015,"1,189.80","1,183.70","1,232.00","1,168.40",2.95M,0.63%
04-01-2015,"1,182.40","1,183.20","1,224.50","1,174.10",2.87M,-0.07%
03-01-2015,"1,183.20","1,213.80","1,223.00","1,141.60",3.42M,-2.46%
02-01-2015,"1,213.10","1,283.00","1,286.50","1,190.00",2.39M,-5.17%
01-01-2015,"1,279.20","1,184.00","1,307.80","1,167.30",3.64M,8.03%
12-01-2014,"1,184.10","1,159.40","1,239.00","1,141.70",3.10M,0.73%
11-01-2014,"1,175.50","1,171.10","1,207.60","1,130.40",3.77M,0.33%
10-01-2014,"1,171.60","1,209.40","1,255.60","1,160.50",3.49M,-3.30%
09-01-2014,"1,211.60","1,288.50","1,290.90","1,204.30",2.97M,-5.89%
08-01-2014,"1,287.40","1,284.20","1,324.30","1,273.40",2.19M,0.36%
07-01-2014,"1,282.80","1,327.50","1,346.80","1,281.30",3.07M,-2.97%
06-01-2014,"1,322.00","1,250.50","1,330.40","1,240.20",2.38M,6.10%
05-01-2014,"1,246.00","1,291.90","1,315.80","1,242.20",2.88M,-3.85%
04-01-2014,"1,295.90","1,284.60","1,331.40","1,268.40",2.49M,0.94%
03-01-2014,"1,283.80","1,332.40","1,392.60","1,282.70",3.37M,-2.86%
02-01-2014,"1,321.60","1,242.00","1,345.60","1,240.40",2.40M,6.60%
01-01-2014,"1,239.80","1,204.50","1,279.80","1,202.50",2.93M,3.12%
12-01-2013,"1,202.30","1,250.60","1,267.50","1,181.40",2.62M,-3.85%
11-01-2013,"1,250.40","1,323.10","1,327.30","1,225.70",2.76M,-5.54%
10-01-2013,"1,323.70","1,328.20","1,361.80","1,251.00",3.28M,-0.25%
09-01-2013,"1,327.00","1,394.00","1,416.40","1,291.50",3.11M,-4.95%
08-01-2013,"1,396.10","1,323.40","1,434.00","1,271.80",3.22M,6.33%
07-01-2013,"1,313.00","1,232.90","1,348.70","1,206.90",3.68M,7.30%
06-01-2013,"1,223.70","1,388.80","1,423.30","1,179.40",3.49M,-12.15%
05-01-2013,"1,393.00","1,475.60","1,487.20","1,336.30",4.33M,-5.37%
04-01-2013,"1,472.10","1,598.10","1,604.30","1,321.50",4.83M,-7.75%
03-01-2013,"1,595.70","1,578.50","1,616.50","1,560.40",2.94M,1.12%
02-01-2013,"1,578.10","1,665.20","1,687.00","1,554.30",3.31M,-5.05%
01-01-2013,"1,662.00","1,676.40","1,697.80","1,626.00",3.34M,-0.82%
12-01-2012,"1,675.80","1,715.50","1,725.00","1,636.00",2.45M,-2.15%
11-01-2012,"1,712.70","1,720.40","1,755.00","1,672.50",3.45M,-0.37%
10-01-2012,"1,719.10","1,773.70","1,798.10","1,698.70",2.93M,-3.09%
09-01-2012,"1,773.90","1,693.40","1,790.00","1,687.60",3.16M,5.11%
08-01-2012,"1,687.60","1,617.50","1,695.50","1,586.30",2.56M,4.52%
07-01-2012,"1,614.60","1,599.60","1,633.30","1,554.40",2.93M,0.65%
06-01-2012,"1,604.20","1,561.80","1,642.40","1,545.50",3.27M,2.56%
05-01-2012,"1,564.20","1,666.10","1,672.30","1,526.70",3.94M,-6.01%
04-01-2012,"1,664.20","1,671.50","1,685.40","1,613.00",2.58M,-0.46%
03-01-2012,"1,671.90","1,695.60","1,727.30","1,627.50",3.87M,-2.30%
02-01-2012,"1,711.30","1,739.80","1,792.70","1,688.40",3.23M,-1.67%
01-01-2012,"1,740.40","1,571.00","1,750.60","1,566.80",3.16M,11.08%
12-01-2011,"1,566.80","1,752.50","1,767.10","1,523.90",2.69M,-10.48%
11-01-2011,"1,750.30","1,715.70","1,804.40","1,667.10",3.30M,1.45%
10-01-2011,"1,725.20","1,625.10","1,754.00","1,596.60",2.86M,6.34%
09-01-2011,"1,622.30","1,826.20","1,923.70","1,535.00",4.91M,-11.43%
08-01-2011,"1,831.70","1,622.20","1,917.90","1,608.20",5.78M,12.29%
07-01-2011,"1,631.20","1,501.50","1,637.50","1,478.30",3.35M,8.54%
06-01-2011,"1,502.80","1,536.60","1,559.30","1,490.80",2.86M,-2.21%
05-01-2011,"1,536.80","1,566.80","1,577.40","1,462.50",4.03M,-1.26%
04-01-2011,"1,556.40","1,433.80","1,569.80","1,413.50",2.91M,8.09%
03-01-2011,"1,439.90","1,411.60","1,448.60","1,380.70",3.60M,2.13%
02-01-2011,"1,409.90","1,334.00","1,418.80","1,325.40",2.52M,5.65%
01-01-2011,"1,334.50","1,420.40","1,424.40","1,309.10",3.65M,-6.11%
12-01-2010,"1,421.40","1,387.70","1,432.50","1,361.60",2.63M,2.55%
11-01-2010,"1,386.10","1,359.70","1,424.30","1,325.50",4.35M,2.10%
10-01-2010,"1,357.60","1,309.60","1,388.10","1,307.30",3.43M,3.67%
09-01-2010,"1,309.60","1,250.30","1,317.50","1,237.90",2.42M,4.74%
08-01-2010,"1,250.30","1,183.80","1,251.80","1,176.70",1.96M,5.61%
07-01-2010,"1,183.90","1,243.00","1,244.80","1,155.60",3.00M,-4.98%
06-01-2010,"1,245.90","1,216.70","1,266.50","1,198.10",2.66M,2.54%
05-01-2010,"1,215.00","1,181.00","1,249.70","1,156.20",3.78M,2.91%
04-01-2010,"1,180.70","1,114.60","1,182.50","1,112.30",2.73M,5.94%
03-01-2010,"1,114.50","1,119.00","1,145.80","1,084.80",3.47M,-0.39%
02-01-2010,"1,118.90","1,081.90","1,131.50","1,044.50",3.36M,3.24%
01-01-2010,"1,083.80","1,099.00","1,163.00","1,074.40",3.65M,-1.13%
12-01-2009,"1,096.20","1,181.40","1,227.50","1,075.20",3.77M,-7.28%
11-01-2009,"1,182.30","1,043.40","1,196.80","1,042.20",3.58M,13.64%
10-01-2009,"1,040.40","1,008.30","1,072.00",987,3.02M,3.08%
09-01-2009,"1,009.30",952,"1,025.80",947.5,2.60M,5.85%
08-01-2009,953.5,954.5,974.3,931.3,1.62M,-0.24%
07-01-2009,955.8,926.1,960,904.8,2.11M,3.06%
06-01-2009,927.4,981,992.1,913.2,2.09M,-5.40%
05-01-2009,980.3,888.9,982,880.5,2.05M,10.00%
04-01-2009,891.2,920,935.8,865,1.65M,-3.65%
03-01-2009,925,940.3,967.8,882.7,2.64M,-1.86%
02-01-2009,942.5,924.6,"1,007.70",890.3,2.25M,1.52%
01-01-2009,928.4,883,931.3,801.5,2.42M,4.99%
12-01-2008,884.3,819,892,741.2,1.77M,7.97%
11-01-2008,819,727,833.5,698.2,2.25M,14.04%
10-01-2008,718.2,876.9,936.3,681,2.85M,-18.46%
09-01-2008,880.8,842.2,932,739.8,3.80M,5.46%
08-01-2008,835.2,922.9,926,777.7,2.77M,-9.48%
07-01-2008,922.7,928,989.6,902.7,3.53M,-0.60%
06-01-2008,928.3,891.3,937.7,859.6,2.47M,4.13%
05-01-2008,891.5,879,935.4,846.4,2.77M,3.05%
04-01-2008,865.1,920.5,956.2,864.1,2.56M,-6.12%
03-01-2008,921.5,975.6,"1,033.90",904.7,3.19M,-5.49%
02-01-2008,975,929.8,978.5,888.4,2.41M,5.06%
01-01-2008,928,837.5,942.2,837.5,3.12M,10.74%
12-01-2007,838,789.4,847.4,783,1.53M,6.20%
11-01-2007,789.1,799.4,848,773.4,3.11M,-0.78%
10-01-2007,795.3,750.6,800.8,726.3,2.34M,6.04%
09-01-2007,750,681.9,752.8,680.1,1.88M,9.99%
08-01-2007,681.9,675.3,688.1,651.6,1.52M,0.38%
07-01-2007,679.3,651.6,688.4,646.7,1.74M,4.36%
06-01-2007,650.9,666.5,679.5,641.1,1.40M,-2.37%
05-01-2007,666.7,681.2,693.3,651.5,1.75M,-2.46%
04-01-2007,683.5,671.1,698,661.7,1.30M,2.17%
03-01-2007,669,672.8,680.2,634.5,1.62M,-0.52%
02-01-2007,672.5,658.5,692.5,648,1.41M,2.22%
01-01-2007,657.9,639.2,660.7,603,1.48M,3.12%
12-01-2006,638,655,655.8,615,758.89K,-2.28%
11-01-2006,652.9,607.5,654.5,607.5,921.26K,7.60%
10-01-2006,606.8,606.2,613.2,563,739.09K,0.43%
09-01-2006,604.2,633.6,648.7,576.5,791.58K,-4.73%
08-01-2006,634.2,646.5,668.2,615.5,740.73K,-1.95%
07-01-2006,646.8,627,677.5,602.5,998.44K,5.00%
06-01-2006,616,649.8,651.3,546.4,1.05M,-5.08%
05-01-2006,649,656.8,732,636.5,1.65M,-0.84%
04-01-2006,654.5,587.8,658.2,586.3,1.16M,11.56%
03-01-2006,586.7,563.1,594.6,534.5,1.56M,4.04%
02-01-2006,563.9,575.1,579.5,537.8,1.08M,-2.02%
01-01-2006,575.5,519.9,577.3,517.6,1.51M,10.74%
12-01-2005,519.7,498,544.5,492.2,1.06M,4.21%
11-01-2005,498.7,466.5,506.7,456.1,1.36M,6.81%
10-01-2005,466.9,471.5,483.1,462,1.10M,-1.14%
09-01-2005,472.3,438.4,479,438.3,1.29M,7.81%
08-01-2005,438.1,435.4,455.3,433.5,1.16M,0.53%
07-01-2005,435.8,436.5,438.2,418.2,1.08M,-0.30%
06-01-2005,437.1,418.7,445.4,416.7,1.17M,4.34%
05-01-2005,418.9,435.7,436,415.8,1.09M,-3.94%
04-01-2005,436.1,431.1,439.1,423.5,818.81K,1.16%
03-01-2005,431.1,437.5,448,423.4,1.18M,-1.49%
02-01-2005,437.6,424.3,439.3,411.5,825.16K,3.18%
01-01-2005,424.1,438.9,438.9,417.2,1.15M,-3.26%
12-01-2004,438.4,453.4,458.7,432.9,981.97K,-3.27%
11-01-2004,453.2,430.5,457,418,1.37M,5.54%
10-01-2004,429.4,420.4,432,410.5,1.01M,2.14%
09-01-2004,420.4,412.1,420.8,396.9,881.01K,1.94%
08-01-2004,412.4,395,416.8,391.2,878.66K,4.75%
07-01-2004,393.7,393.3,409.6,385.5,1.09M,0.18%
06-01-2004,393,396,405.6,382.5,865.19K,-0.48%
05-01-2004,394.9,388.9,398,371.3,986.07K,1.91%
04-01-2004,387.5,427.5,433,377,1.12M,-9.53%
03-01-2004,428.3,397.5,428.5,388.2,1.22M,7.94%
02-01-2004,396.8,403.1,418,391,857.40K,-1.51%
01-01-2004,402.9,416.8,431.5,397.5,1.20M,-3.17%
12-01-2003,416.1,398.9,418.4,397.8,710.09K,4.86%
11-01-2003,396.8,384.7,402,376.5,996.72K,3.17%
10-01-2003,384.6,385.9,393,366.5,1.01M,-0.39%
09-01-2003,386.1,376.8,394.8,370.7,911.76K,2.47%
08-01-2003,376.8,356,379,346,741.88K,5.90%
07-01-2003,355.8,346.4,367.7,340.6,832.40K,2.74%
06-01-2003,346.3,364,370.5,343.3,758.31K,-5.28%
05-01-2003,365.6,339.2,374.9,338.5,849.28K,7.72%
04-01-2003,339.4,335.7,340.4,319.8,615.89K,0.74%
03-01-2003,336.9,349.8,358.8,325.8,757.50K,-3.83%
02-01-2003,350.3,368.9,390.8,342.4,844.34K,-5.09%
01-01-2003,369.1,347.6,373.7,342.8,845.17K,6.00%
12-01-2002,348.2,319.1,355.7,316.6,704.46K,9.91%
11-01-2002,316.8,318.3,325.4,316.5,558.88K,-0.50%
10-01-2002,318.4,324.3,325.5,309.1,645.19K,-2.09%
09-01-2002,325.2,313.8,329.3,312.6,585.81K,3.60%
08-01-2002,313.9,305.2,319.7,300.3,528.50K,2.85%
07-01-2002,305.2,314.5,326.1,300.5,707.86K,-2.77%
06-01-2002,313.9,327.5,331.5,310.5,637.19K,-4.15%
05-01-2002,327.5,309.1,330.2,306.5,777.47K,5.92%
04-01-2002,309.2,304,312.9,298,534.75K,1.81%
03-01-2002,303.7,297.4,305.8,288.3,459.26K,2.22%
02-01-2002,297.1,283,309.4,282.4,562.30K,5.02%
01-01-2002,282.9,279.5,289.9,277.2,537.17K,1.40%
12-01-2001,279,275.2,281.4,271.7,321.84K,1.49%
11-01-2001,274.9,280.5,282.5,271.9,396.69K,-2.00%
10-01-2001,280.5,293.7,295.9,275.5,447.68K,-4.59%
09-01-2001,294,276.1,300,272.7,289.49K,6.33%
08-01-2001,276.5,269.2,283.8,268.4,509.51K,2.71%
07-01-2001,269.2,271.5,272.1,264.8,433.88K,-0.77%
06-01-2001,271.3,266.8,279.8,265.5,437.15K,1.65%
05-01-2001,266.9,264.3,298.6,264.1,688.58K,0.95%
04-01-2001,264.4,259.1,267.5,255.8,334.98K,2.01%
03-01-2001,259.2,267.7,274.7,258,549.34K,-3.21%
02-01-2001,267.8,267.8,270.9,255.1,400.27K,-0.07%
01-01-2001,268,273.8,275,262,488.25K,-2.05%
12-01-2000,273.6,273.2,278.5,270.3,343.61K,0.11%
11-01-2000,273.3,266.5,273.5,264.5,689.58K,2.59%
10-01-2000,266.4,277.3,279.9,263.5,409.41K,-3.79%
09-01-2000,276.9,281.9,282.5,271.7,387.21K,-1.84%
08-01-2000,282.1,283.4,285,275.3,343.57K,-0.39%
07-01-2000,283.2,289.7,289.7,277.7,369.66K,-2.85%
06-01-2000,291.5,275.4,296.5,274.8,591.35K,6.08%
05-01-2000,274.8,274.8,284,269.5,475.19K,0.04%
04-01-2000,274.7,281.5,291.5,274,332.99K,-2.38%
03-01-2000,281.4,294.2,296.2,274.8,550.89K,-4.35%
02-01-2000,294.2,286,326.9,285,742.60K,2.80%
01-01-2000,286.2,289.5,291.8,280,414.02K,-1.17%
12-01-1999,289.6,293,294,276.2,412.23K,-1.16%
11-01-1999,293,299.7,300.4,288,372.59K,-2.43%
10-01-1999,300.3,299.1,339,287.6,807.28K,0.27%
09-01-1999,299.5,257.5,329,254.8,987.93K,16.40%
08-01-1999,257.3,258.8,264.7,253.8,628.99K,-0.58%
07-01-1999,258.8,263.5,264.7,253.2,651.84K,-1.82%
06-01-1999,263.6,271.5,272,258.5,529.11K,-3.09%
05-01-1999,272,287.9,291.2,267.9,755.60K,-5.49%
04-01-1999,287.8,281.9,289,279.1,522.57K,2.09%
03-01-1999,281.9,288,296.5,278.5,808.88K,-2.22%
02-01-1999,288.3,288.5,292.6,285,463.83K,0.03%
01-01-1999,288.2,289.6,294.3,282.5,610.54K,-0.35%
12-01-1998,289.2,295,299.5,286.5,474.88K,-2.00%
11-01-1998,295.1,294,299.1,288.7,485.99K,0.48%
10-01-1998,293.7,299.1,306.9,292,667.95K,-1.77%
09-01-1998,299,279.3,302.2,279.3,803.93K,7.21%
08-01-1998,278.9,291,294.8,273.8,614.54K,-3.99%
07-01-1998,290.5,297.8,299.7,289.1,538.02K,-2.55%
06-01-1998,298.1,295.4,301.6,285.6,655.72K,1.02%
05-01-1998,295.1,308,308.5,290.6,630.04K,-4.16%
04-01-1998,307.9,303.3,317,301.2,669.23K,1.52%
03-01-1998,303.3,300,306.8,287.3,609.14K,1.07%
02-01-1998,300.1,304.6,310,291.8,487.86K,-1.48%
01-01-1998,304.6,289.4,309,277.5,793.75K,5.07%
12-01-1997,289.9,298.5,299.1,283.3,509.44K,-2.36%
11-01-1997,296.9,312.1,316.9,295.1,534.30K,-4.87%
10-01-1997,312.1,336.6,342.1,308,847.16K,-7.36%
09-01-1997,336.9,327,337.9,321,701.88K,2.90%
08-01-1997,327.4,328.9,333.4,321,614.84K,-0.37%
07-01-1997,328.6,334.9,335.8,314.6,812.87K,-2.00%
06-01-1997,335.3,347.3,347.6,334.6,490.26K,-3.51%
05-01-1997,347.5,341.1,352.2,340.4,560.70K,1.85%
04-01-1997,341.2,354.3,355.1,339.5,460.53K,-3.62%
03-01-1997,354,365.1,366,346.3,613.91K,-3.04%
02-01-1997,365.1,346.3,365.5,338.5,761.35K,5.52%
01-01-1997,346,369.2,369.4,345.4,786.32K,-6.28%
12-01-1996,369.2,373.9,376.1,367.7,404.43K,-1.02%
11-01-1996,373,378.8,385.8,372.5,500.00K,-1.61%
10-01-1996,379.1,380.8,386.5,378.5,451.16K,-0.37%
09-01-1996,380.5,391.5,391.5,380.1,480.84K,-2.76%
08-01-1996,391.3,392.9,396.2,390,376.14K,-0.46%
07-01-1996,393.1,382.3,393.3,381.5,547.65K,3.01%
06-01-1996,381.6,394.3,394.3,381.5,508.21K,-3.25%
05-01-1996,394.4,393.5,398,389.8,582.68K,0.23%
04-01-1996,393.5,398.1,401,391.5,603.51K,-1.23%
03-01-1996,398.4,401.1,402.5,392.3,640.24K,-0.70%
02-01-1996,401.2,409.2,419.6,397.5,842.43K,-1.79%
01-01-1996,408.5,392,410.4,388,985.65K,5.26%
12-01-1995,388.1,387.6,392.4,386.7,359.01K,-0.13%
11-01-1995,388.6,384.1,391.5,381.5,641.95K,1.12%
10-01-1995,384.3,385.9,388.7,382.6,321.70K,-0.57%
09-01-1995,386.5,386.4,390.6,383.1,435.57K,-0.10%
08-01-1995,386.9,388.2,396,385.4,455.58K,-0.39%
07-01-1995,388.4,385.2,396.3,383,454.52K,0.73%
06-01-1995,385.6,386.6,395,384.2,499.00K,-0.52%
05-01-1995,387.6,389.9,393.9,381.5,582.90K,-0.23%
04-01-1995,388.5,395.2,400.8,387.3,536.92K,-1.47%
03-01-1995,394.3,377.4,402,374.5,778.14K,4.23%
02-01-1995,378.3,378.7,382.4,376.3,383.30K,0.16%
01-01-1995,377.7,382.4,386,372,646.28K,-1.74%
12-01-1994,384.4,383.7,386.8,377.7,377.24K,-0.03%
11-01-1994,384.5,384.7,387.9,382.4,483.73K,-0.10%
10-01-1994,384.9,396.2,399.8,383.7,591.46K,-3.19%
09-01-1994,397.6,390.5,401.9,389.9,595.28K,1.74%
08-01-1994,390.8,390.1,394,380.2,572.65K,0.41%
07-01-1994,389.2,386.8,394.1,382,533.60K,0.49%
06-01-1994,387.3,390.4,397.9,380.4,652.33K,-0.69%
05-01-1994,390,377.7,391.4,373.1,725.46K,3.23%
04-01-1994,377.8,394.7,395.8,369.5,529.48K,-4.18%
03-01-1994,394.3,381.8,396.5,374,641.89K,3.08%
02-01-1994,382.5,383.6,392.3,375.7,530.88K,-0.29%
01-01-1994,383.6,391.9,397.8,377.2,706.74K,-2.12%
12-01-1993,391.9,371.4,393.9,370.4,471.97K,5.38%
11-01-1993,371.9,368.6,381.2,360.7,666.68K,0.62%
10-01-1993,369.6,356.4,376.7,350,579.52K,3.50%
09-01-1993,357.1,374.4,375,343,652.41K,-4.95%
08-01-1993,375.7,410.4,414,367,713.86K,-8.66%
07-01-1993,411.3,378.9,411.7,378.1,845.95K,8.47%
06-01-1993,379.2,379.7,381,361.7,727.87K,-0.29%
05-01-1993,380.3,358.8,386.5,354.3,786.10K,6.47%
04-01-1993,357.2,338.6,358.5,336,600.56K,5.28%
03-01-1993,339.3,329.5,341.7,325.8,443.43K,3.10%
02-01-1993,329.1,330.2,334.6,327.8,358.35K,-0.48%
01-01-1993,330.7,329.1,333,326.3,325.22K,-0.72%
12-01-1992,333.1,335.8,340.1,332,21.93K,-0.72%
11-01-1992,335.5,339.9,340.8,328.9,,-1.35%
10-01-1992,340.1,348.9,353.4,336.9,,-2.66%
09-01-1992,349.4,345.5,354.5,340.3,,1.19%
08-01-1992,345.3,360.5,360.6,335,,-4.45%
07-01-1992,361.4,345.1,362,344.3,,4.94%
06-01-1992,344.4,338.7,346.9,338.2,,1.77%
05-01-1992,338.4,338.1,341.7,335.1,,0.15%
04-01-1992,337.9,346,346.9,334.9,,-2.20%
03-01-1992,345.5,351.3,353,336.3,,-2.43%
02-01-1992,354.1,359.5,360.5,349.4,,-1.34%
01-01-1992,358.9,351.2,361.5,348.5,,1.41%
12-01-1991,353.9,371.6,374.9,352.3,,-4.63%
11-01-1991,371.1,359.5,371.2,353.6,,3.23%
10-01-1991,359.5,357.1,367.4,356.7,,0.62%
09-01-1991,357.3,351.3,359.5,346,,1.25%
08-01-1991,352.9,370.7,370.9,350.1,,-4.83%
07-01-1991,370.8,370.2,373.2,362.3,,0.22%
06-01-1991,370,366.8,377.9,361.5,,1.43%
05-01-1991,364.8,358.6,367.7,354.6,,1.98%
04-01-1991,357.7,359.1,368.2,352.6,,-0.47%
03-01-1991,359.4,368.5,372.8,354.5,,-2.60%
02-01-1991,369,371.5,373.7,357,,0.14%
01-01-1991,368.5,395.1,406.9,367.8,,-6.99%
12-01-1990,396.2,384.9,396.5,369.1,,2.72%
11-01-1990,385.7,383,393.3,376,,1.15%
10-01-1990,381.3,402.9,404,361.5,,-6.57%
09-01-1990,408.1,390.1,414.3,381.6,,4.86%
08-01-1990,389.2,379.3,425,379.2,,2.64%
07-01-1990,379.2,359.5,382.2,352,,5.36%
06-01-1990,359.9,367.5,368.9,348.2,,-2.36%
05-01-1990,368.6,372.4,377.6,361,,-0.75%
04-01-1990,371.4,372.3,385.4,367.7,,-0.96%
03-01-1990,375,409.3,410.4,362.5,,-8.29%
02-01-1990,408.9,418.8,430.3,407.5,,-2.13%
01-01-1990,417.8,401,427,394.5,,3.11%
12-01-1989,405.2,418.2,424.2,400.1,,-2.95%
11-01-1989,417.5,377.7,419.7,375.7,,10.57%
10-01-1989,377.6,371.2,382.3,364.3,,1.51%
09-01-1989,372,365.7,376.7,360.6,,1.81%
08-01-1989,365.4,378.5,382.5,364.6,,-3.51%
07-01-1989,378.7,379.5,390.8,369,,0.37%
06-01-1989,377.3,366.3,384.8,360.5,,2.95%
05-01-1989,366.5,377.8,383,360.6,,-3.68%
04-01-1989,380.5,390.3,396.9,379.6,,-2.44%
03-01-1989,390,388.2,400.2,381.8,,-0.10%
02-01-1989,390.4,396,401.2,382,,-1.36%
01-01-1989,395.8,416.1,416.3,393.1,,-4.00%
12-01-1988,412.3,429.8,438,409.5,,-4.03%
11-01-1988,429.6,413.7,429.8,412.6,,3.49%
10-01-1988,415.1,398.8,419,398.1,,3.98%
09-01-1988,399.2,439,439.7,395.5,,-9.25%
08-01-1988,439.9,447.6,448.6,433,,-1.65%
07-01-1988,447.3,438.5,449.3,424,,2.19%
06-01-1988,437.7,461.6,473.8,432.3,,-4.81%
05-01-1988,459.8,449.5,463,443.6,,1.59%
04-01-1988,452.6,461.5,464,448.2,,-1.16%
03-01-1988,457.9,430.5,463.2,425.9,,6.02%
02-01-1988,431.9,458.5,461.9,425.1,,-5.80%
01-01-1988,458.5,484,488.5,454,,-6.22%
12-01-1987,488.9,493.5,507.4,475,,-1.67%
11-01-1987,497.2,472.3,503,456,,5.52%
10-01-1987,471.2,459.8,496,457.9,,2.70%
09-01-1987,458.8,462,474.8,458,,0.02%
08-01-1987,458.7,486,490.2,456.9,,-3.45%
07-01-1987,475.1,451.5,475.7,442.5,,5.06%
06-01-1987,452.2,449.5,468.8,437.6,,-0.83%
05-01-1987,456,455.5,481.5,445.5,,-0.11%
04-01-1987,456.5,422.5,480.5,418.5,,8.00%
03-01-1987,422.7,406.6,429.9,403,,3.76%
02-01-1987,407.4,409.7,412,391.4,,-0.37%
01-01-1987,408.9,406.5,425,399,,0.49%
12-01-1986,406.9,402,408,386.5,,3.06%
11-01-1986,394.8,405,413.8,376.5,,-2.64%
10-01-1986,405.5,430.3,446.5,400,,-5.65%
09-01-1986,429.8,399,446,397.1,,9.28%
08-01-1986,393.3,367,404.5,364,,6.38%
07-01-1986,369.7,348.2,371.3,343.3,,6.33%
06-01-1986,347.7,346.2,355,336.5,,0.17%
05-01-1986,347.1,348,348.8,337.7,,-0.29%
04-01-1986,348.1,336,352.5,330.8,,3.97%
03-01-1986,334.8,340.5,359.6,334,,-1.82%
02-01-1986,341,351,357.5,331.7,,-3.37%
01-01-1986,352.9,329.8,369.5,328,,6.58%
12-01-1985,331.1,327.8,332.4,315.5,,1.16%
11-01-1985,327.3,325.7,333.4,322.1,,0.18%
10-01-1985,326.7,326,335.7,324.9,,-0.12%
09-01-1985,327.1,335,336.5,318.2,,-3.74%
08-01-1985,339.8,332.5,350.2,326.5,,1.37%
07-01-1985,335.2,317.1,337.5,308.3,,5.51%
06-01-1985,317.7,320.1,331.3,312.5,,-0.56%
05-01-1985,319.5,317.3,329.8,308.6,,0.95%
04-01-1985,316.5,324.5,338.6,315,,-5.27%
03-01-1985,334.1,288.7,337.2,287,,15.73%
02-01-1985,288.7,306,308.5,282.6,,-6.08%
01-01-1985,307.4,307,311,296.7,,-0.74%
12-01-1984,309.7,332.5,337,306.6,,-7.14%
11-01-1984,333.5,335.7,353.5,325,,-0.74%
10-01-1984,336,352,355.8,333.5,,-4.36%
09-01-1984,351.3,350,356.5,341.6,,-1.87%
08-01-1984,358,350.5,369,349,,2.20%
07-01-1984,350.3,373,374.3,333,,-6.86%
06-01-1984,376.1,399.3,405.3,370,,-4.45%
05-01-1984,393.6,379.8,395.5,370,,3.69%
04-01-1984,379.6,394.5,395,377.8,,-3.73%
03-01-1984,394.3,398.2,410.5,385.5,,-1.15%
02-01-1984,398.9,384,406,379.1,,5.20%
01-01-1984,379.2,385.5,386.4,362.5,,-2.27%
12-01-1983,388,405,410,375.5,,-5.13%
11-01-1983,409,377.8,414,373,,7.97%
10-01-1983,378.8,396,408.8,378,,-7.11%
09-01-1983,407.8,426.3,429,401,,-4.00%
08-01-1983,424.8,427,441,418.5,,-0.61%
07-01-1983,427.4,419.5,441.6,409.5,,2.13%
06-01-1983,418.5,420,428.3,401,,0.00%
05-01-1983,418.5,430.7,452.5,417.8,,-3.46%
04-01-1983,433.5,422.5,450.8,422.5,,2.73%
03-01-1983,422,416,442,406.5,,-0.40%
02-01-1983,423.7,517.5,520,423.7,,-18.24%
01-01-1983,518.2,455,519,449.5,,14.39%
12-01-1982,453,446,468.8,435,,0.89%
11-01-1982,449,431,449.5,398,,6.15%
10-01-1982,423,408.5,465,390,,4.50%
09-01-1982,404.8,413.5,509,396,,-3.27%
08-01-1982,418.5,364.5,441,340.2,,17.72%
07-01-1982,355.5,314,369.7,308.3,,11.86%
06-01-1982,317.8,325.5,343,297.5,,-3.40%
05-01-1982,329,351,351,322.9,,-5.05%
04-01-1982,346.5,334.5,377.5,328.8,,3.68%
03-01-1982,334.2,362.5,366.5,312.5,,-8.31%
02-01-1982,364.5,387,394.4,362.7,,-6.97%
01-01-1982,391.8,399,411,369,,-2.73%
12-01-1981,402.8,407,437,396.5,,-2.54%
11-01-1981,413.3,432,436,392.5,,-4.15%
10-01-1981,431.2,446,469,426.5,,-2.66%
09-01-1981,443,441,482.5,428,,-0.11%
08-01-1981,443.5,411,463,405,,4.80%
07-01-1981,423.2,426.5,431.5,397,,-1.24%
06-01-1981,428.5,495.5,497.5,427,,-12.99%
05-01-1981,492.5,488,503,464,,0.72%
04-01-1981,489,524,545.5,476,,-6.95%
03-01-1981,525.5,471,556,453,,8.02%
02-01-1981,486.5,505,530.5,485,,-5.07%
01-01-1981,512.5,593.5,612,498,,-14.51%
12-01-1980,599.5,656,658,558,,-6.98%
11-01-1980,644.5,640,665,593,,0.39%
10-01-1980,642,699,708.5,627,,-6.75%
09-01-1980,688.5,656,748.5,656,,4.95%
08-01-1980,656,643,670.5,620,,2.18%
07-01-1980,642,670,696,604,,-1.83%
06-01-1980,654,580,666,560,,17.84%
05-01-1980,555,500,562.5,482,,9.47%
04-01-1980,507,525,570,483,,-2.31%
03-01-1980,519,643,660,453,,-18.91%
02-01-1980,640,700,742.5,617,,-9.09%
01-01-1980,704,566,873,566,,30.13%
12-01-1979,541,440,543,433,,25.67%
11-01-1979,430.5,381.5,432.8,365,,11.62%
10-01-1979,385.7,416.5,444.5,373,,-4.65%
09-01-1979,404.5,334,409,330.5,,23.81%
08-01-1979,326.7,299,330,288,,9.89%
07-01-1979,297.3,284.3,318.5,282.3,,4.76%
06-01-1979,283.8,280.5,287.5,275,,0.96%
05-01-1979,281.1,250,282,246.1,,12.80%
04-01-1979,249.2,243.8,250.7,231.8,,2.21%
03-01-1979,243.8,250.7,252.9,235,,-3.60%
02-01-1979,252.9,235,258.8,232,,6.89%
01-01-1979,236.6,229.1,239.3,216.6,,3.32%
12-01-1978,229,196,229.6,195.8,,16.60%
11-01-1978,196.4,230.7,230.7,192,,-18.40%
10-01-1978,240.7,220.5,249.4,220.2,,8.96%
09-01-1978,220.9,212,224.6,207.6,,4.89%
08-01-1978,210.6,214,221.5,201.5,,0.38%
07-01-1978,209.8,184.5,210,183.2,,14.21%
06-01-1978,183.7,185.5,189.3,181.9,,-1.76%
05-01-1978,187,170.3,188.4,169.2,,9.61%
04-01-1978,170.6,185.7,185.9,166.8,,-8.38%
03-01-1978,186.2,184.9,192.8,176,,0.98%
02-01-1978,184.4,179.4,185.8,173.6,,3.07%
01-01-1978,178.9,169.9,179.7,165.5,,6.81%
12-01-1977,167.5,162.9,167.9,157.1,,3.20%
11-01-1977,162.3,163.8,169.9,154.7,,-0.25%
10-01-1977,162.7,157.8,166.8,155.4,,4.03%
09-01-1977,156.4,147.7,157.1,147.4,,5.60%
08-01-1977,148.1,147.2,150.2,144,,0.68%
07-01-1977,147.1,143.5,148,140.5,,2.44%
06-01-1977,143.6,144.8,145.6,137.6,,-0.49%
05-01-1977,144.3,147.9,149.7,142,,-2.50%
04-01-1977,148,150.5,154.7,144.8,,-1.99%
03-01-1977,151,143,154.7,142.4,,4.43%
02-01-1977,144.6,134,145.4,132.8,,7.91%
01-01-1977,134,135.5,137.7,127.5,,-1.25%
12-01-1976,135.7,131.9,139.9,131.3,,2.34%
11-01-1976,132.6,122.8,141,122.8,,7.11%
10-01-1976,123.8,115.8,126,112.9,,6.63%
09-01-1976,116.1,104.3,121,104.1,,12.50%
08-01-1976,103.2,113.7,115.2,100,,-9.63%
07-01-1976,114.2,123.6,124.5,105,,-7.83%
06-01-1976,123.9,127.8,132.5,123.5,,-2.67%
05-01-1976,127.3,128.8,129.8,124.1,,-1.24%
04-01-1976,128.9,129.7,131,126.9,,-0.62%
03-01-1976,129.7,132.5,135.3,127.5,,-2.19%
02-01-1976,132.6,130.5,134.7,128.5,,2.79%
01-01-1976,129,140.8,141.5,123.4,,-8.51%
12-01-1975,141,138.8,147.9,136.7,,1.59%
11-01-1975,138.8,143.5,149.1,138.1,,-2.80%
10-01-1975,142.8,145,148,138.5,,0.42%
09-01-1975,142.2,152.8,156.3,129,,-12.65%
08-01-1975,162.8,173.8,173.9,160.4,,-6.11%
07-01-1975,173.4,168.3,175.4,161.4,,3.34%
06-01-1975,167.8,164.5,175,160,,-0.71%
05-01-1975,169,167,176.9,163.4,,1.32%
04-01-1975,166.8,179.7,179.9,162.3,,-7.08%
03-01-1975,179.5,183.3,187.5,175,,-1.91%
02-01-1975,183,179.1,189,171.3,,2.81%
