year_month,gold_usd_per_gram,cpi,fedfunds,usd_inr,usd_aud,usd_cad,usd_jpy,usd_chf,usd_gbp,treasury_10y
1975-01,5.883582233510698,52.6,6.24,7.9717,1.34,0.9999,297.44,2.5202,2.375,7.49
1975-02,5.883582233510698,52.6,6.24,7.9717,1.34,0.9999,297.44,2.5202,2.375,7.49
1975-03,5.771054704454483,52.8,5.54,7.75,1.364,0.9986,285.39,2.4021,2.4318,7.5
1975-04,5.362740527593358,53.0,5.49,7.8841,1.346,1.0023,290.87,2.5202,2.408,8.08
1975-05,5.433472117285836,53.1,5.22,8.07,1.3375,1.0208,292.14,2.5575,2.3482,8.31
1975-06,5.394891250180848,53.5,5.55,8.1914,1.341,1.025,291.46,2.4981,2.32,8.02
1975-07,5.574935296670793,54.0,6.1,8.4895,1.3195,1.0299,295.68,2.5119,2.209,7.97
1975-08,5.234137637243397,54.2,6.14,8.7895,1.295,1.0316,297.89,2.6983,2.1475,8.26
1975-09,4.571832751941099,54.6,6.24,8.8648,1.2755,1.0315,297.97,2.6838,2.109,8.26
1975-10,4.591123185493594,54.9,5.82,8.8945,1.2555,1.0253,302.57,2.7122,2.04,8.47
1975-11,4.462520295143634,55.3,5.22,8.8994,1.27,1.0162,301.75,2.6233,2.0745,7.97
1975-12,4.533251884836112,55.6,5.2,8.9827,1.256,1.0111,304.41,2.6667,2.021,8.12
1976-01,4.14744321378623,55.8,4.87,8.9471,1.2545,1.0166,305.06,2.6178,2.0245,7.77
1976-02,4.2631858151011945,55.9,4.77,8.9389,1.256,0.9994,303.21,2.5681,2.0285,7.8
1976-03,4.169948719597473,56.0,4.84,8.9648,1.2586,0.9893,301.66,2.5907,2.0239,7.86
1976-04,4.144228141527481,56.1,4.82,8.9918,1.2465,0.9845,299.49,2.5265,1.884,7.68
1976-05,4.092786985387496,56.4,5.29,9.0265,1.2372,0.9802,298.95,2.5025,1.828,7.69
1976-06,3.98347452859003,56.7,5.48,9.1109,1.2244,0.9789,300.39,2.426,1.754,7.94
1976-07,3.671612519491376,57.0,5.31,8.9233,1.2331,0.9686,296.91,2.4697,1.79,7.88
1976-08,3.317954571028984,57.3,5.29,8.9755,1.2393,0.9775,292.91,2.4759,1.788,7.85
1976-09,3.7326988924076066,57.6,5.25,9.0614,1.2437,0.9766,288.93,2.4716,1.775,7.64
1976-10,3.980259456331281,57.9,5.02,8.896,1.2362,0.9713,287.11,2.4516,1.666,7.49
1976-11,4.2631858151011945,58.1,4.95,8.9658,1.2227,0.9724,295.86,2.4396,1.5875,7.38
1976-12,4.362853055122414,58.4,4.65,8.8535,1.0087,1.0344,296.91,2.4528,1.6623,6.97
1977-01,4.30819682672368,58.7,4.61,8.9052,1.09,1.0075,292.48,2.442,1.704,6.84
1977-02,4.648994486151076,59.3,4.68,8.8626,1.0856,1.0234,288.02,2.5151,1.7153,7.41
1977-03,4.854759110711013,59.6,4.69,8.8417,1.096,1.0481,282.49,2.553,1.7132,7.49
1977-04,4.7583069429485425,60.0,4.73,8.8429,1.1042,1.0525,276.17,2.5445,1.7194,7.43
1977-05,4.639349269374829,60.2,5.35,8.8338,1.103,1.0455,278.01,2.5202,1.7195,7.45
1977-06,4.616843763563586,60.5,5.39,8.8605,1.1035,1.0539,277.32,2.5,1.719,7.38
1977-07,4.729371292619802,60.8,5.42,8.8163,1.1145,1.0597,267.13,2.4612,1.7197,7.34
1977-08,4.761522015207292,61.1,5.9,8.7213,1.12,1.0708,267.13,2.4099,1.7375,7.43
1977-09,5.02837301268346,61.3,6.14,8.73,1.1025,1.0734,268.17,2.3941,1.7422,7.3
1977-10,5.230922564984648,61.6,6.47,8.615,1.1135,1.0774,260.72,2.3364,1.7559,7.41
1977-11,5.218062275949652,62.0,6.51,8.6405,1.1325,1.1035,246.73,2.2148,1.844,7.63
1977-12,5.3852460334046,62.3,6.56,8.5371,1.128,1.1085,243.07,2.1441,1.8168,7.58
1978-01,5.7517642709019885,62.7,6.7,8.201,1.146,1.0918,237.59,1.926,1.961,7.83
1978-02,5.928593245133184,63.0,6.78,8.1094,1.1365,1.1088,241.6,1.9861,1.9481,7.96
1978-03,5.986464545790666,63.4,6.79,8.2078,1.1383,1.1171,238.27,1.8365,1.939,8.05
1978-04,5.48491327342582,63.9,6.89,8.465,1.1472,1.1375,218.34,1.8501,1.8645,8.13
1978-05,6.012185123860658,64.5,7.36,8.5827,1.1315,1.1283,225.78,1.9455,1.8255,8.24
1978-06,5.906087739321941,65.0,7.6,8.4041,1.1315,1.1194,221.51,1.8921,1.8257,8.41
1978-07,6.7452215988554345,65.5,7.81,8.1665,1.149,1.1231,202.43,1.8305,1.8674,8.59
1978-08,6.770942176925426,65.9,8.04,8.0139,1.1607,1.1381,186.57,1.7331,1.927,8.54
1978-09,7.102094619576575,66.5,8.45,8.0365,1.1495,1.1513,190.8,1.605,1.95,8.38
1978-10,7.73867892680888,67.1,8.96,7.911,1.156,1.1893,188.85,1.592,1.9715,8.58
1978-11,6.3144019161830665,67.5,9.76,8.0335,1.165,1.1662,186.0,1.59,2.01,8.66
1978-12,7.362515472535245,67.9,10.03,8.216,1.127,1.1688,201.7,1.7355,1.9377,8.8
1979-01,7.6068609642001705,68.5,10.07,8.2091,1.1518,1.1882,194.58,1.623,2.03,9.18
1979-02,8.13091774237626,69.2,10.06,8.25,1.1288,1.201,202.75,1.71,1.9805,8.94
1979-03,7.8383461668300995,69.9,10.09,8.2418,1.1262,1.1865,203.75,1.676,2.0231,9.17
1979-04,8.011960068802546,70.6,10.01,8.2062,1.115,1.1575,211.65,1.7045,2.0673,9.11
1979-05,9.037568119343483,71.4,10.24,8.2891,1.1004,1.1424,224.4,1.7177,2.0595,9.36
1979-06,9.124375070329705,72.2,10.29,8.119,1.1055,1.1666,221.28,1.734,2.074,9.05
1979-07,9.558409825260823,73.0,10.47,7.9067,1.12,1.1689,218.3,1.656,2.1885,8.76
1979-08,10.503641069333034,73.7,10.94,8.0113,1.1307,1.172,216.05,1.6572,2.2695,8.99
1979-09,13.004967286639767,74.4,11.43,8.1358,1.1274,1.1681,221.05,1.6555,2.2391,9.32
1979-10,12.400533701994952,75.2,13.77,8.2259,1.1266,1.1609,225.25,1.548,2.1925,9.51
1979-11,13.840886073914511,76.0,13.18,8.1926,1.0965,1.1837,238.15,1.6495,2.071,10.79
1979-12,17.393540919832173,76.9,13.78,8.0995,1.097,1.1676,248.89,1.5645,2.213,10.44
1980-01,22.634108701593068,78.0,13.82,7.9882,1.108,1.1658,238.45,1.5775,2.2427,10.5
1980-02,20.5764624559937,79.0,14.13,7.9816,1.1053,1.156,240.45,1.6335,2.274,11.29
1980-03,16.68622502290739,80.1,17.19,8.1519,1.0963,1.143,247.85,1.715,2.242,12.79
1980-04,16.300416351857507,80.9,17.61,8.07,1.0775,1.1972,254.65,1.864,2.1515,12.69
1980-05,17.843651036057036,81.7,10.98,7.8586,1.1142,1.1895,240.5,1.668,2.259,10.57
1980-06,21.026572572218562,82.5,9.47,7.8424,1.1465,1.1588,223.55,1.6602,2.3365,10.31
1980-07,20.64076390116868,82.6,9.03,7.7664,1.1557,1.1502,219.5,1.6265,2.3615,10.13
1980-08,21.090874017393542,83.2,9.61,7.7824,1.1506,1.1585,227.0,1.663,2.333,10.76
1980-09,22.135772501486972,83.9,10.87,7.7495,1.1686,1.1555,215.93,1.636,2.418,11.32
1980-10,20.64076390116868,84.7,12.81,7.7323,1.1749,1.171,208.5,1.642,2.391,11.78
1980-11,20.721140707637403,85.6,15.85,7.7712,1.1708,1.179,210.8,1.717,2.443,12.46
1980-12,19.274358191200346,86.4,18.9,7.9314,1.1622,1.1929,217.85,1.7525,2.3485,12.92
1981-01,16.477245326088703,87.2,19.08,7.9576,1.1802,1.1948,202.5,1.79,2.382,12.42
1981-02,15.64132653881396,88.0,15.93,8.2211,1.169,1.1941,203.15,1.92,2.349,12.86
1981-03,16.895204719726074,88.6,14.7,8.2432,1.1515,1.2036,211.1,1.9825,2.1805,13.62
1981-04,15.721703345282686,89.1,15.72,8.2918,1.1638,1.1835,212.4,1.9165,2.246,13.14
1981-05,15.8342308743389,89.7,18.52,8.4045,1.1487,1.1963,215.75,2.018,2.143,14.05
1981-06,13.776584628739531,90.5,19.1,8.5564,1.1411,1.206,222.5,2.076,2.0575,13.46
1981-07,13.606185799025832,91.5,19.04,8.9065,1.1468,1.2035,228.25,2.075,1.9025,14.04
1981-08,14.258845467551883,92.2,17.82,9.0605,1.1263,1.2426,245.4,2.198,1.8015,14.95
1981-09,14.242770106258138,93.1,15.87,9.1152,1.146,1.2041,230.95,2.1595,1.832,15.41
1981-10,13.863391579725754,93.4,15.08,9.1348,1.143,1.2054,233.1,1.969,1.831,15.75
1981-11,13.287893645409682,93.8,13.31,9.135,1.1426,1.1991,229.15,1.8025,1.8725,14.57
1981-12,12.950311058241034,94.1,12.37,9.1305,1.148,1.1784,216.4,1.7865,1.9455,13.37
1982-01,12.596653109778643,94.4,13.22,9.1525,1.129,1.1866,218.75,1.7915,1.926,14.19
1982-02,11.718938383140161,94.7,14.78,9.2144,1.0957,1.2016,232.6,1.875,1.8605,14.58
1982-03,10.74477148873921,94.7,14.68,9.2935,1.07,1.2278,238.3,1.8935,1.8217,13.85
1982-04,11.140225376565338,95.0,14.94,9.3923,1.052,1.2267,246.2,1.941,1.79,14.1
1982-05,10.577587731284261,95.9,14.45,9.2965,1.0613,1.2245,236.6,1.944,1.8135,13.95
1982-06,10.217499638304371,97.0,14.15,9.4668,1.046,1.2491,244.3,2.025,1.7875,13.93
1982-07,11.42958187985275,97.5,12.59,9.5633,1.0201,1.286,255.95,2.1025,1.735,14.4
1982-08,13.45507740286463,97.7,10.12,9.5741,0.9965,1.25,256.6,2.066,1.7535,13.41
1982-09,13.014612503416014,97.7,10.31,9.6495,0.9665,1.2374,259.1,2.125,1.7205,12.76
1982-10,13.599755654508336,98.1,9.71,9.7005,0.9486,1.2353,268.9,2.174,1.698,11.51
1982-11,14.435674441783078,98.0,9.2,9.7968,0.9358,1.2245,276.9,2.191,1.6825,10.56
1982-12,14.56427733213304,97.7,8.95,9.6926,0.959,1.2393,248.6,2.111,1.6285,10.74
1983-01,16.6605044448374,97.9,8.68,9.7938,0.984,1.23,232.0,1.994,1.6235,10.32
1983-02,13.622261160319578,98.0,8.51,9.9184,0.9678,1.2353,239.4,2.0155,1.5235,10.78
1983-03,13.567604931920846,98.1,8.77,9.9652,0.9495,1.2279,239.0,2.0675,1.5045,10.22
1983-04,13.937338241676981,98.8,8.8,9.9824,0.8645,1.2367,239.6,2.0875,1.478,10.6
1983-05,13.45507740286463,99.2,8.63,9.9895,0.868,1.2239,237.6,2.0685,1.5707,10.26
1983-06,13.45507740286463,99.4,8.98,10.0491,0.8802,1.231,239.85,2.109,1.59,10.77
1983-07,13.74121883389329,99.8,9.37,10.0875,0.8762,1.227,239.15,2.106,1.531,10.93
1983-08,13.657626955165817,100.1,9.56,10.1874,0.879,1.2344,243.7,2.155,1.509,11.8
1983-09,13.111064671178484,100.4,9.45,10.2005,0.8768,1.2334,246.5,2.1885,1.4974,11.97
1983-10,12.17869371614127,100.8,9.48,10.229,0.8979,1.2325,234.15,2.113,1.4835,11.47
1983-11,13.149645538283472,101.1,9.34,10.3784,0.9133,1.2333,234.77,2.1615,1.4855,11.69
1983-12,12.47448036394618,101.4,9.47,10.4895,0.93,1.24,232.53,2.163,1.4578,11.63
1984-01,12.191554005176267,102.1,9.56,10.7152,0.8975,1.2461,232.45,2.2165,1.4287,11.86
1984-02,12.824923240149822,102.6,9.59,10.7437,0.921,1.2473,234.25,2.235,1.41,11.64
1984-03,12.677029916247369,102.9,9.91,10.7145,0.9442,1.2416,233.43,2.176,1.478,12.07
1984-04,12.204414294211263,103.3,10.29,10.82,0.938,1.2745,224.65,2.1535,1.433,12.56
1984-05,12.654524410436125,103.5,10.32,11.0168,0.9235,1.2903,226.95,2.2448,1.3975,12.82
1984-06,12.091886765155047,103.7,11.06,11.0638,0.9033,1.294,230.15,2.2295,1.4035,13.63
1984-07,11.262398122397801,104.1,11.23,11.3714,0.8583,1.3165,238.5,2.3425,1.3508,13.87
1984-08,11.509958686321475,104.4,11.64,11.5561,0.8315,1.3089,245.75,2.465,1.301,12.81
1984-09,11.294548844985291,104.7,11.3,11.8584,0.8395,1.2995,243.75,2.4475,1.292,12.88
1984-10,10.80264278939669,105.1,9.99,12.0268,0.832,1.3172,246.4,2.523,1.2375,12.54
1984-11,10.722265982927967,105.3,9.43,12.0784,0.856,1.312,244.3,2.458,1.235,11.66
1984-12,9.9570787853457,105.5,8.38,12.2925,0.8542,1.3251,248.2,2.5655,1.1943,11.56
1985-01,9.883132123394473,105.7,8.35,12.6119,0.8164,1.3227,251.8,2.617,1.148,11.7
1985-02,9.281913611008408,106.3,8.5,12.9217,0.8082,1.3279,256.75,2.7045,1.124,11.29
1985-03,10.741556416480462,106.8,8.58,12.8614,0.7085,1.3885,260.35,2.861,1.072,11.86
1985-04,10.175703698940634,107.0,8.27,12.4005,0.677,1.368,252.45,2.639,1.2215,11.66
1985-05,10.272155866703104,107.2,7.97,12.5005,0.646,1.3688,252.75,2.64,1.2235,11.27
1985-06,10.214284566045622,107.5,7.53,12.4405,0.6635,1.3663,248.6,2.561,1.2945,10.05
1985-07,10.7769222113267,107.7,7.88,12.0314,0.6678,1.3575,247.95,2.549,1.305,10.19
1985-08,10.924815535229154,107.9,7.9,11.8977,0.716,1.354,237.65,2.32,1.381,10.51
1985-09,10.51650135836803,108.1,7.92,12.1255,0.687,1.3704,239.5,2.352,1.369,10.24
1985-10,10.503641069333034,108.5,7.99,12.0332,0.711,1.3707,215.0,2.168,1.4105,10.29
1985-11,10.522931502885527,109.0,8.05,12.1011,0.6975,1.367,209.0,2.136,1.441,9.98
1985-12,10.64510424871799,109.5,8.27,12.1524,0.676,1.3895,204.03,2.105,1.4875,9.69
1986-01,11.345990001125275,109.9,8.14,12.2433,0.682,1.401,199.15,2.05,1.4505,9.04
1986-02,10.963396402334142,109.7,7.86,12.37,0.7048,1.432,191.55,2.0355,1.386,9.02
1986-03,10.764061922291704,109.1,7.48,12.289,0.6963,1.4245,179.65,1.88,1.4415,7.99
1986-04,11.191666532705323,108.7,6.99,12.3932,0.722,1.3923,178.15,1.952,1.471,7.37
1986-05,11.159515810117833,109.0,6.85,12.4657,0.7353,1.3775,169.65,1.846,1.5292,7.45
1986-06,11.178806243670326,109.4,6.92,12.5986,0.707,1.3893,174.9,1.9295,1.474,8.32
1986-07,11.88612214059511,109.5,6.56,12.5077,0.6549,1.3802,162.7,1.773,1.5495,7.37
1986-08,12.644879193659877,109.6,6.17,12.5667,0.6052,1.3807,153.85,1.6705,1.485,7.34
1986-09,13.818380568103269,110.0,5.89,12.6757,0.6093,1.3862,154.25,1.639,1.4892,7.03
1986-10,13.037118009227257,110.2,5.85,12.8486,0.6308,1.388,154.15,1.6405,1.444,7.41
1986-11,12.693105277541113,110.4,6.04,13.0761,0.6402,1.3913,164.0,1.7182,1.4113,7.29
1986-12,13.082129020849743,110.8,6.91,13.1486,0.65,1.3825,162.25,1.638,1.4375,7.18
1987-01,13.146430466024723,111.4,6.43,13.0295,0.6658,1.3785,158.25,1.61,1.49,7.18
1987-02,13.098204382143487,111.8,6.1,13.0621,0.661,1.334,152.57,1.5255,1.5241,7.23
1987-03,13.590110437732088,112.2,6.13,12.9236,0.6813,1.3316,153.5,1.5417,1.5638,7.17
1987-04,14.676804861189256,112.7,6.37,12.8145,0.7057,1.3097,146.82,1.5215,1.602,7.59
1987-05,14.66072949989551,113.0,6.85,12.666,0.7018,1.338,140.35,1.461,1.6685,8.39
1987-06,14.538556754063046,113.5,6.73,12.8368,0.7147,1.338,145.45,1.522,1.6242,8.45
1987-07,15.274808301316572,113.8,6.58,13.0126,0.7209,1.3305,146.85,1.5195,1.6155,8.36
1987-08,14.747536450881732,114.3,6.73,13.0852,0.7003,1.3241,150.5,1.544,1.5835,8.81
1987-09,14.750751523140483,114.7,7.22,12.9933,0.7178,1.3173,141.83,1.4975,1.6401,9.05
1987-10,15.14942048322536,115.0,7.29,13.0429,0.71,1.307,146.9,1.534,1.6165,9.66
1987-11,15.985339270500104,115.4,6.69,12.9721,0.6762,1.3145,137.0,1.4163,1.739,8.98
1987-12,15.718488273023935,115.6,6.77,12.9345,0.705,1.3138,133.0,1.361,1.818,9.01
1988-01,14.741106306364236,116.0,6.83,13.0395,0.7212,1.299,122.7,1.285,1.8773,8.83
1988-02,13.885897085536996,116.2,6.58,13.065,0.7092,1.2741,129.38,1.3825,1.758,8.26
1988-03,14.72181587281174,116.5,6.58,12.9791,0.7203,1.257,128.27,1.3917,1.7775,8.15
1988-04,14.551417043098045,117.2,6.87,13.1576,0.7415,1.2348,124.0,1.365,1.89,8.68
1988-05,14.782902245727973,117.5,7.09,13.3157,0.7606,1.2314,124.95,1.398,1.8715,8.94
1988-06,14.07237127654444,118.0,7.51,13.7859,0.8109,1.2325,125.2,1.4412,1.8235,9.03
1988-07,14.381018213384346,118.5,7.75,14.0795,0.7899,1.221,134.1,1.5135,1.701,8.77
1988-08,14.143102866236918,119.0,8.01,14.217,0.803,1.2077,132.8,1.562,1.713,9.07
1988-09,12.83456845692607,119.5,8.19,14.4895,0.7937,1.237,136.35,1.581,1.669,9.25
1988-10,13.345764946067163,119.9,8.3,14.72,0.7844,1.2105,133.65,1.5788,1.6985,8.84
1988-11,13.81195042358577,120.3,8.35,14.966,0.8206,1.2282,125.3,1.5005,1.7668,8.68
1988-12,13.25574292282219,120.7,8.76,15.019,0.8715,1.1873,121.6,1.4525,1.8525,9.01
1989-01,12.725256000128603,121.2,9.12,15.0925,0.868,1.1907,123.6,1.4973,1.8225,9.23
1989-02,12.551642098156155,121.6,9.36,15.2405,0.8885,1.1894,129.6,1.584,1.7535,8.99
1989-03,12.53878180912116,122.2,9.85,15.4674,0.8036,1.1997,128.1,1.5685,1.724,9.36
1989-04,12.233349944540004,123.1,9.84,15.718,0.825,1.1899,132.05,1.6495,1.686,9.21
1989-05,11.783239828315141,123.7,9.81,16.1018,0.792,1.1867,134.07,1.6895,1.68,9.14
1989-06,12.130467632260036,124.1,9.53,16.4195,0.753,1.207,142.73,1.705,1.573,8.61
1989-07,12.17547864388252,124.5,9.24,16.416,0.7655,1.1948,141.25,1.654,1.5774,8.09
1989-08,11.747874033468902,124.5,8.99,16.6091,0.7611,1.1747,136.82,1.6075,1.6545,7.74
1989-09,11.960068802546337,124.8,9.02,16.745,0.7593,1.182,145.85,1.71,1.557,8.19
1989-10,12.140112849036283,125.4,8.84,16.819,0.7773,1.1776,139.48,1.6245,1.6178,8.28
1989-11,13.42292668027714,125.9,8.55,16.9248,0.7812,1.1743,143.11,1.614,1.5818,7.91
1989-12,13.02747279245101,126.3,8.45,16.932,0.78,1.1663,143.1,1.5925,1.566,7.81
1990-01,13.432571897053386,127.5,8.23,16.9633,0.7855,1.1605,146.25,1.5768,1.611,7.94
1990-02,13.146430466024723,128.0,8.24,16.9895,0.7702,1.1864,144.9,1.4982,1.6815,8.42
1990-03,12.056520970308808,128.6,8.28,17.1164,0.7635,1.1902,149.67,1.506,1.665,8.59
1990-04,11.940778368993842,128.9,8.26,17.2943,0.7561,1.1695,158.9,1.5075,1.6315,8.65
1990-05,11.850756345748872,129.1,8.18,17.3245,0.7457,1.1648,158.85,1.4555,1.6405,9.08
1990-06,11.571045059237706,129.9,8.29,17.421,0.7693,1.1726,151.39,1.436,1.6838,8.44
1990-07,12.191554005176267,130.5,8.15,17.4119,0.7964,1.1619,151.27,1.404,1.7634,8.43
1990-08,12.513061231051168,131.6,8.13,17.3465,0.794,1.1535,147.25,1.3555,1.855,8.29
1990-09,13.120709887954732,132.5,8.2,17.8595,0.8147,1.1615,143.55,1.3175,1.8758,8.9
1990-10,12.259070522609996,133.4,8.11,18.0736,0.8311,1.1529,136.9,1.2895,1.889,8.71
1990-11,12.400533701994952,133.7,7.81,18.0975,0.7837,1.1652,130.48,1.2762,1.95,8.57
1990-12,12.738116289163598,134.2,7.31,18.1272,0.7768,1.1655,134.4,1.292,1.9195,8.22
1991-01,11.84754127349012,134.7,6.91,18.339,0.7735,1.1574,134.6,1.2622,1.9425,7.97
1991-02,11.863616634783867,134.8,6.25,18.86,0.782,1.1608,131.45,1.2525,1.9763,7.91
1991-03,11.55496969794396,134.8,6.12,19.2429,0.7848,1.1531,134.55,1.332,1.898,8.12
1991-04,11.500313469545228,135.1,5.91,19.9064,0.775,1.1585,140.2,1.4382,1.7585,8.07
1991-05,11.728583599916409,135.6,5.78,20.5186,0.7788,1.152,137.6,1.445,1.7265,8.01
1991-06,11.895767357371357,136.0,5.9,21.062,0.7575,1.1451,139.08,1.4895,1.6969,8.14
1991-07,11.92148793544135,136.2,5.82,25.6127,0.7651,1.143,138.4,1.565,1.614,8.26
1991-08,11.345990001125275,136.6,5.66,25.8457,0.7765,1.1503,137.67,1.5357,1.6735,8.2
1991-09,11.487453180510233,137.0,5.45,25.8335,0.7781,1.1407,136.02,1.5265,1.691,7.81
1991-10,11.55818477020271,137.2,5.21,25.7973,0.7971,1.1315,133.2,1.452,1.7485,7.45
1991-11,11.931133152217596,137.8,4.81,25.8021,0.781,1.1203,130.3,1.461,1.7498,7.48
1991-12,11.378140723712765,138.2,4.43,25.818,0.784,1.1335,129.95,1.4235,1.776,7.32
1992-01,11.538894336650216,138.3,4.03,25.8629,0.7565,1.1515,124.5,1.365,1.868,6.78
1992-02,11.384570868230265,138.6,4.06,25.9921,0.7524,1.1731,125.95,1.4245,1.7995,7.36
1992-03,11.108074653977848,139.1,3.98,28.3777,0.7545,1.1847,129.63,1.4878,1.7543,7.38
1992-04,10.863729162312922,139.4,3.73,28.8962,0.7666,1.1915,134.5,1.509,1.7265,7.46
1992-05,10.879804523606667,139.7,3.82,28.5415,0.7555,1.1888,132.75,1.501,1.786,7.56
1992-06,11.072708859131609,140.1,3.76,28.5186,0.7574,1.2048,127.45,1.4617,1.8227,7.39
1992-07,11.61927114311894,140.5,3.25,28.5639,0.7469,1.2011,124.92,1.3665,1.911,7.1
1992-08,11.10164450946035,140.8,3.3,28.4635,0.7439,1.1842,127.28,1.3198,1.9237,6.72
1992-09,11.233462472069059,141.1,3.22,28.4757,0.7174,1.1943,122.95,1.2405,1.996,6.56
1992-10,10.934460752005402,141.7,3.1,28.4767,0.7141,1.2436,120.0,1.245,1.734,6.23
1992-11,10.786567428102947,142.1,3.09,28.4737,0.691,1.2415,123.95,1.3985,1.533,6.88
1992-12,10.70940569389297,142.3,2.92,28.9786,0.6843,1.2857,124.4,1.415,1.535,6.94
1993-01,10.632243959682993,142.8,3.02,29.0432,0.6818,1.2782,125.4,1.479,1.501,6.6
1993-02,10.58080280354301,143.1,3.03,30.0421,0.6755,1.264,124.95,1.5185,1.454,6.38
1993-03,10.90874017393541,143.3,3.07,31.9391,0.7052,1.2498,118.75,1.5265,1.4363,5.94
1993-04,11.484238108251482,143.8,2.96,31.6095,0.697,1.2585,114.1,1.4824,1.526,6.06
1993-05,12.226919800022506,144.2,3.0,31.6125,0.7061,1.2675,110.9,1.4325,1.561,5.96
1993-06,12.191554005176267,144.3,3.04,31.6682,0.677,1.2722,107.23,1.425,1.551,6.07
1993-07,13.2235922002347,144.5,3.06,31.6,0.6663,1.2886,107.85,1.5065,1.5065,5.8
1993-08,12.07902647612005,144.8,3.03,31.6123,0.6895,1.2873,104.35,1.5025,1.4897,5.85
1993-09,11.481023035992735,145.0,3.09,31.5776,0.668,1.3227,105.7,1.459,1.5075,5.46
1993-10,11.882907068336362,145.6,2.99,31.505,0.6475,1.339,106.05,1.4247,1.5048,5.34
1993-11,11.956853730287587,146.0,3.02,31.4335,0.674,1.316,108.28,1.5015,1.4807,5.56
1993-12,12.59986818203739,146.3,2.96,31.44,0.658,1.3333,108.7,1.4965,1.4805,5.82
1994-01,12.333017184561223,146.3,3.05,31.44,0.684,1.3155,112.5,1.491,1.476,5.92
1994-02,12.297651389714984,146.7,3.25,31.4489,0.7165,1.3308,108.05,1.45,1.503,5.77
1994-03,12.677029916247369,147.1,3.34,31.4147,0.7147,1.3498,104.8,1.44,1.4854,6.28
1994-04,12.14654299355378,147.2,3.56,31.3914,0.7063,1.389,103.75,1.4265,1.4735,7.16
1994-05,12.53878180912116,147.5,4.01,31.3754,0.7115,1.383,101.79,1.4,1.5187,7.09
1994-06,12.451974858134937,147.9,4.25,31.3845,0.7401,1.386,104.7,1.4005,1.5172,7.12
1994-07,12.513061231051168,148.4,4.26,31.3764,0.7288,1.3822,98.51,1.3355,1.539,7.34
1994-08,12.564502387191153,149.0,4.47,31.3727,0.7375,1.3885,99.35,1.3315,1.5368,7.13
1994-09,12.783127300786086,149.3,4.73,31.3723,0.743,1.3682,99.63,1.324,1.5445,7.19
1994-10,12.374813123924959,149.4,4.76,31.3726,0.7406,1.3457,99.5,1.293,1.5785,7.66
1994-11,12.361952834889964,149.8,5.29,31.394,0.741,1.3545,96.77,1.248,1.632,7.91
1994-12,12.358737762631215,150.1,5.45,31.3894,0.7679,1.3754,99.4,1.3305,1.5652,7.92
1995-01,12.14332792129503,150.5,5.53,31.3736,0.7703,1.4035,100.52,1.313,1.5624,7.88
1995-02,12.162618354847526,150.9,5.92,31.3795,0.759,1.4109,99.4,1.289,1.5805,7.66
1995-03,12.677029916247369,151.2,5.98,31.5865,0.7348,1.3965,96.75,1.2405,1.5843,7.23
1995-04,12.490555725239924,151.8,6.05,31.4073,0.7327,1.399,86.25,1.1242,1.616,7.14
1995-05,12.461620074911185,152.1,6.01,31.4179,0.7285,1.3555,83.53,1.146,1.618,7.09
1995-06,12.397318629736203,152.4,6.0,31.4037,0.7154,1.373,84.95,1.171,1.5945,6.2
1995-07,12.487340652981175,152.6,5.85,31.3853,0.71,1.3723,84.8,1.146,1.5972,6.21
1995-08,12.43911456909994,152.9,5.74,31.5923,0.7403,1.3667,88.43,1.146,1.5992,6.5
1995-09,12.426254280064944,153.1,5.8,33.3098,0.7494,1.3435,97.49,1.201,1.5533,6.22
1995-10,12.355522690372466,153.5,5.76,34.6564,0.762,1.3394,100.72,1.1507,1.5909,6.15
1995-11,12.493770797498675,153.7,5.8,34.71,0.7603,1.3478,103.07,1.1395,1.5778,5.98
1995-12,12.477695436204929,153.9,5.6,34.9663,0.7372,1.366,101.2,1.174,1.536,5.71
1996-01,13.133570176989728,154.7,5.56,35.8117,0.7433,1.3577,103.92,1.1573,1.5565,5.6
1996-02,12.89886990210105,155.0,5.22,36.5945,0.7474,1.3738,107.08,1.2195,1.5132,5.63
1996-03,12.808847878856076,155.5,5.31,34.4852,0.7618,1.371,105.7,1.2053,1.5273,5.99
1996-04,12.651309338177375,156.1,5.22,34.3195,0.784,1.3548,107.53,1.1948,1.5244,6.31
1996-05,12.680244988506116,156.4,5.24,35.025,0.7896,1.3626,105.08,1.2497,1.4948,6.68
1996-06,12.268715739386243,156.7,5.27,35.0995,0.801,1.3692,108.37,1.2515,1.5515,6.87
1996-07,12.63844904914238,157.0,5.4,35.6673,0.7872,1.3635,109.56,1.2495,1.5545,6.74
1996-08,12.580577748484897,157.2,5.22,35.8,0.7721,1.3715,106.75,1.2008,1.5572,6.65
1996-09,12.233349944540004,157.7,5.3,35.87,0.792,1.3698,109.28,1.208,1.5671,6.92
1996-10,12.188338932917517,158.2,5.24,35.8036,0.7915,1.3624,111.37,1.2545,1.564,6.65
1996-11,11.992219525133827,158.7,5.31,35.8392,0.7892,1.3348,113.28,1.27,1.6358,6.38
1996-12,11.870046779301365,159.1,5.29,35.8815,0.818,1.3515,113.8,1.314,1.684,6.08
1997-01,11.124150015271594,159.4,5.25,35.9037,0.7895,1.3736,115.49,1.343,1.687,6.54
1997-02,11.738228816692656,159.7,5.19,35.8905,0.767,1.3434,121.68,1.4205,1.6135,6.47
1997-03,11.381355795971514,159.8,5.39,35.8848,0.7863,1.3675,121.15,1.477,1.6175,6.58
1997-04,10.96982654685164,159.9,5.51,35.8281,0.7876,1.3865,122.7,1.4427,1.6485,6.9
1997-05,11.172376099152828,159.9,5.5,35.8248,0.7845,1.3895,126.64,1.4685,1.6238,6.69
1997-06,10.780137283585448,160.2,5.56,35.8202,0.758,1.3781,116.74,1.4285,1.6343,6.66
1997-07,10.564727442249264,160.4,5.52,35.7474,0.7529,1.3803,114.93,1.459,1.6574,6.45
1997-08,10.526146575144276,160.8,5.54,36.0085,0.7393,1.3891,118.47,1.526,1.6348,6.2
1997-09,10.831578439725432,161.2,5.54,36.4756,0.7265,1.3845,121.55,1.506,1.5897,6.31
1997-10,10.034240519555677,161.5,5.5,36.302,0.728,1.3791,120.8,1.4609,1.6145,6.04
1997-11,9.545549536225826,161.7,5.52,37.2889,0.712,1.4065,121.04,1.4134,1.6763,5.91
1997-12,9.320494478113394,161.8,5.5,39.4,0.677,1.4245,129.15,1.433,1.6825,5.86
1998-01,9.793110100149502,162.0,5.56,39.391,0.65,1.4255,132.4,1.467,1.6417,5.67
1998-02,9.648431848505796,162.0,5.51,39.0079,0.6868,1.4529,126.65,1.473,1.638,5.57
1998-03,9.751314160785764,162.0,5.49,39.5686,0.6825,1.425,125.38,1.466,1.6472,5.72
1998-04,9.899207484688217,162.2,5.45,39.7029,0.659,1.4175,133.76,1.5335,1.674,5.62
1998-05,9.487678235568344,162.6,5.49,40.4687,0.652,1.434,133.01,1.4883,1.6675,5.67
1998-06,9.584130403330816,162.8,5.56,42.3668,0.615,1.4568,139.57,1.4765,1.6392,5.53
1998-07,9.33978491166589,163.2,5.54,42.6118,0.619,1.4658,138.65,1.5285,1.6616,5.44
1998-08,8.966836529651003,163.4,5.55,42.8429,0.6035,1.5155,145.8,1.502,1.6245,5.46
1998-09,9.613066053659557,163.5,5.51,42.579,0.5805,1.5535,136.23,1.4405,1.674,5.05
1998-10,9.442667223945858,163.9,5.07,42.3943,0.597,1.5364,135.75,1.364,1.7045,4.33
1998-11,9.487678235568344,164.1,4.83,42.4284,0.6252,1.5325,114.52,1.35,1.6652,4.77
1998-12,9.297988972302152,164.4,4.68,42.5909,0.6305,1.533,122.2,1.3783,1.654,4.67
1999-01,9.265838249714662,164.7,4.63,42.5453,0.6182,1.5268,112.15,1.3666,1.6581,4.69
1999-02,9.269053321973411,164.7,4.76,42.5316,0.6336,1.5085,115.09,1.4232,1.641,4.75
1999-03,9.063288697413473,164.8,4.81,42.5161,0.6179,1.524,119.79,1.462,1.6058,5.4
1999-04,9.252977960679667,165.9,4.74,42.7968,0.6354,1.5023,120.19,1.481,1.6063,5.27
1999-05,8.744996543797322,166.0,4.74,42.859,0.664,1.4512,120.14,1.5252,1.6083,5.38
1999-06,8.474930474062406,166.0,4.76,43.2127,0.6415,1.483,120.75,1.523,1.615,5.78
1999-07,8.320607005642453,166.7,4.99,43.3567,0.6665,1.4693,120.99,1.569,1.5765,5.85
1999-08,8.272380921761217,167.1,5.07,43.5032,0.65,1.5079,114.51,1.4995,1.6145,5.92
1999-09,9.6291414149533,167.8,5.22,43.5981,0.639,1.4858,109.35,1.5135,1.6023,5.99
1999-10,9.654861993023294,168.1,5.2,43.5528,0.654,1.4725,105.08,1.4867,1.655,6.0
1999-11,9.420161718134615,168.4,5.42,43.458,0.6382,1.4684,104.19,1.5291,1.6404,6.06
1999-12,9.310849261337149,168.8,5.3,43.5239,0.6354,1.475,102.37,1.592,1.596,6.21
2000-01,9.201536804539682,169.3,5.45,43.5895,0.6591,1.4465,101.7,1.5808,1.627,6.58
2000-02,9.458742585239603,170.0,5.73,43.654,0.6315,1.4468,107.67,1.654,1.615,6.62
2000-03,9.047213336119729,171.0,5.85,43.6383,0.6067,1.447,107.1,1.6568,1.5849,6.39
2000-04,8.831803494783545,170.9,6.02,43.6847,0.6073,1.4548,104.82,1.6587,1.598,6.0
2000-05,8.835018567042294,171.2,6.27,44.0759,0.58,1.4783,108.89,1.7135,1.5558,6.29
2000-06,9.37193563425338,172.2,6.53,44.7605,0.5721,1.491,108.74,1.6878,1.4915,6.2
2000-07,9.10508463677721,172.7,6.54,44.8405,0.5996,1.4793,105.64,1.6323,1.5135,6.0
2000-08,9.069718841930973,172.7,6.5,45.7687,0.5805,1.4892,109.47,1.6758,1.4992,6.0
2000-09,8.902535084476023,173.6,6.52,45.968,0.5765,1.4742,105.78,1.723,1.4605,5.68
2000-10,8.564952497307376,173.9,6.51,46.4252,0.545,1.5108,108.81,1.7322,1.4675,5.83
2000-11,8.78679248316106,174.2,6.51,46.8214,0.5227,1.5263,108.48,1.7765,1.4452,5.74
2000-12,8.796437699937307,174.6,6.4,46.7845,0.5372,1.5389,111.15,1.7285,1.4373,5.52
2001-01,8.61639365344736,175.6,5.98,46.6138,0.5592,1.4963,114.73,1.6075,1.4977,4.92
2001-02,8.609963508929864,176.0,5.49,46.5616,0.554,1.4948,115.33,1.633,1.4775,5.1
2001-03,8.333467294677448,176.1,5.31,46.6532,0.5262,1.5465,117.33,1.6557,1.4553,4.87
2001-04,8.500651052132396,176.4,4.8,46.7886,0.4828,1.575,126.75,1.7317,1.42,4.98
2001-05,8.581027858601121,177.3,4.21,46.9473,0.5177,1.5338,121.92,1.7255,1.434,5.3
2001-06,8.72249103798608,177.7,3.97,47.0424,0.5084,1.5324,119.13,1.7992,1.416,5.39
2001-07,8.654974520552349,177.4,3.77,47.1781,0.5106,1.5153,124.22,1.8003,1.4168,5.37
2001-08,8.889674795441028,177.4,3.65,47.1665,0.5167,1.5358,124.87,1.7158,1.433,5.11
2001-09,9.452312440722105,178.1,3.07,47.7511,0.5212,1.5535,119.49,1.7075,1.4444,4.99
2001-10,9.018277685790988,177.6,2.49,48.0514,0.4923,1.5794,120.27,1.6196,1.4785,4.55
2001-11,8.838233639301043,177.5,2.09,48.043,0.5086,1.5913,121.87,1.6295,1.462,4.24
2001-12,8.970051601909752,177.4,1.82,47.9345,0.5183,1.5762,123.9,1.655,1.4217,4.75
2002-01,9.095439420000965,177.7,1.73,48.3533,0.5145,1.5974,132.02,1.6424,1.4451,5.2
2002-02,9.551979680743326,178.0,1.74,48.7168,0.508,1.5908,133.77,1.7179,1.4158,5.02
2002-03,9.764174449820759,178.5,1.73,48.7667,0.5177,1.5955,133.35,1.706,1.419,4.98
2002-04,9.941003424051955,179.3,1.75,48.9386,0.5347,1.5995,133.32,1.6607,1.4407,5.44
2002-05,10.529361647403025,179.5,1.75,49.0168,0.5387,1.5579,127.45,1.601,1.4621,5.08
2002-06,10.092111820213159,179.6,1.75,48.984,0.5714,1.5282,123.69,1.5638,1.4622,5.06
2002-07,9.812400533701995,180.0,1.73,48.7877,0.5615,1.519,120.04,1.4845,1.5307,4.85
2002-08,10.092111820213159,180.5,1.74,48.615,0.5387,1.5867,119.1,1.4703,1.5578,4.47
2002-09,10.455414985451798,180.8,1.75,48.4625,0.5465,1.5545,117.12,1.473,1.5625,3.98
2002-10,10.236790071856865,181.2,1.75,48.3882,0.5422,1.5863,122.73,1.4793,1.5708,3.72
2002-11,10.185348915716881,181.5,1.34,48.2853,0.5595,1.558,122.16,1.4673,1.5638,4.01
2002-12,11.19488160496407,181.8,1.24,48.1495,0.5591,1.5595,124.61,1.4845,1.5555,4.22
2003-01,11.866831707042616,182.6,1.24,47.9571,0.5629,1.575,119.86,1.4015,1.5975,4.07
2003-02,11.262398122397801,183.6,1.26,47.7474,0.5843,1.5207,120.47,1.3631,1.6405,4.01
2003-03,10.831578439725432,183.9,1.25,47.6767,0.6136,1.4853,117.93,1.3468,1.5755,3.68
2003-04,10.911955246194157,183.2,1.26,47.3909,0.6045,1.4729,118.25,1.3537,1.5767,3.84
2003-05,11.7543041779864,182.9,1.26,47.11,0.6318,1.4191,118.56,1.342,1.6103,3.88
2003-06,11.13379523204784,183.1,1.22,46.6995,0.6564,1.3696,118.52,1.2973,1.6372,3.43
2003-07,11.439227096628997,183.7,1.01,46.22,0.676,1.3492,119.45,1.3412,1.6626,3.56
2003-08,12.11439227096629,184.5,1.03,45.9557,0.6538,1.396,120.0,1.3668,1.6045,4.44
2003-09,12.413393991029949,185.1,1.01,45.8467,0.6402,1.3876,116.15,1.4125,1.574,4.61
2003-10,12.365167907148713,184.9,1.01,45.4036,0.683,1.3481,110.61,1.3148,1.6667,3.96
2003-11,12.757406722716093,185.0,1.0,45.5544,0.6986,1.3323,111.2,1.3607,1.6786,4.4
2003-12,13.377915668654653,185.5,0.98,45.5741,0.7265,1.3023,109.61,1.3003,1.7209,4.4
2004-01,12.953526130499782,186.3,1.0,45.456,0.7576,1.29,106.95,1.239,1.7902,4.38
2004-02,12.757406722716093,186.7,1.01,45.2726,0.7566,1.3385,105.59,1.2628,1.8182,4.18
2004-03,13.770154484222033,187.1,1.0,44.9693,0.7725,1.3395,108.93,1.2703,1.868,4.0
2004-04,12.458405002652434,187.4,1.0,43.8918,0.7671,1.3101,103.7,1.2627,1.8564,3.91
2004-05,12.69632034979986,188.2,1.0,45.1755,0.7198,1.374,110.34,1.301,1.772,4.53
2004-06,12.63523397688363,188.9,1.03,45.5027,0.7067,1.3687,110.45,1.251,1.8359,4.71
2004-07,12.657739482694874,189.1,1.26,46.0557,0.7036,1.3325,108.24,1.2509,1.816,4.57
2004-08,13.258957995080939,189.2,1.43,46.322,0.7042,1.3314,111.08,1.2784,1.8273,4.48
2004-09,13.51616377578086,189.8,1.61,46.0548,0.7039,1.3071,109.62,1.2615,1.794,4.13
2004-10,13.80552027906827,190.8,1.76,45.7355,0.7232,1.2629,110.45,1.2496,1.7976,4.21
2004-11,14.570707476650536,191.7,1.93,45.0325,0.746,1.2229,106.41,1.2028,1.8323,4.11
2004-12,14.094876782355682,191.7,2.16,43.847,0.7754,1.1856,102.78,1.144,1.9297,4.38
2005-01,13.635121449354575,191.6,2.28,43.615,0.779,1.2108,102.83,1.1466,1.9058,4.23
2005-02,14.069156204285692,192.4,2.5,43.5758,0.7723,1.2405,103.93,1.1937,1.8792,4.15
2005-03,13.860176507467006,193.1,2.63,43.5861,0.7847,1.2425,104.37,1.1654,1.9206,4.38
2005-04,14.020930120404456,193.7,2.79,43.6419,0.7697,1.2146,107.57,1.2042,1.8789,4.46
2005-05,13.467937691899625,193.6,3.0,43.4095,0.7796,1.2552,105.07,1.198,1.8959,4.21
2005-06,14.053080842991946,193.7,3.04,43.5245,0.7498,1.2471,108.42,1.2529,1.812,3.91
2005-07,14.011284903628209,194.9,3.26,43.434,0.7516,1.2418,111.68,1.2965,1.7708,4.06
2005-08,14.085231565579438,196.1,3.5,43.55,0.7618,1.2136,112.12,1.278,1.7695,4.32
2005-09,15.1847862780716,198.8,3.62,43.8462,0.7609,1.1855,110.16,1.24,1.8279,4.02
2005-10,15.011172376099152,199.1,3.78,44.7575,0.7628,1.1657,114.17,1.3022,1.7558,4.39
2005-11,16.033565354381338,198.1,4.0,45.6315,0.7451,1.1765,116.63,1.2903,1.763,4.58
2005-12,16.708730528718633,198.1,4.16,45.5633,0.741,1.1682,120.62,1.321,1.729,4.52
2006-01,18.502740849100583,199.3,4.29,44.201,0.7379,1.1565,116.34,1.2938,1.7404,4.37
2006-02,18.129792467085696,199.4,4.49,44.23,0.7542,1.1401,117.85,1.2841,1.7781,4.57
2006-03,18.862828942080476,199.7,4.59,44.3378,0.7429,1.1365,116.18,1.3165,1.7473,4.59
2006-04,21.042647933512306,200.7,4.79,44.8245,0.7177,1.1718,117.82,1.3044,1.7389,4.88
2006-05,20.86581895928111,201.3,4.94,45.1959,0.7607,1.113,113.06,1.2386,1.8286,5.14
2006-06,19.804845113893933,201.8,4.99,45.8886,0.748,1.1003,112.43,1.2197,1.8686,5.11
2006-07,20.79508736958863,202.9,5.24,46.3675,0.7436,1.1112,114.92,1.2253,1.841,5.15
2006-08,20.389988264986258,203.8,5.25,46.4461,0.7632,1.1312,114.96,1.2317,1.8711,4.99
2006-09,19.42546658736155,202.8,5.25,46.0105,0.7663,1.1056,117.21,1.2308,1.905,4.73
2006-10,19.509058466089023,201.9,5.25,45.3552,0.7484,1.1154,117.66,1.2426,1.8861,4.62
2006-11,20.99120677737232,202.0,5.25,44.7257,0.7752,1.1313,117.01,1.2433,1.9091,4.57
2006-12,20.51216101081872,203.1,5.24,44.4835,0.7914,1.1445,115.33,1.1947,1.9794,4.43
2007-01,21.15196039030977,203.437,5.25,44.2062,0.796,1.1647,118.83,1.2125,1.9736,4.68
2007-02,21.62136094008713,204.226,5.26,44.0195,0.7746,1.1756,120.67,1.2427,1.9686,4.84
2007-03,21.508833411030913,205.288,5.26,43.7936,0.7863,1.1711,117.53,1.2226,1.9579,4.56
2007-04,21.97501888854952,205.904,5.25,42.0176,0.8166,1.1556,117.69,1.2139,1.9786,4.65
2007-05,21.434886749079688,206.755,5.25,40.5686,0.8287,1.1088,119.77,1.2151,1.9993,4.64
2007-06,20.92690533219734,207.234,5.25,40.5905,0.8313,1.0602,122.1,1.2299,1.9804,4.95
2007-07,21.83998585368206,207.603,5.26,40.2738,0.8596,1.0553,122.32,1.2112,2.0161,5.0
2007-08,21.923577732409534,207.667,5.02,40.6791,0.8537,1.0565,118.71,1.2013,2.0309,4.76
2007-09,24.113041940617617,208.547,4.94,40.1735,0.8157,1.056,115.83,1.2071,2.0165,4.56
2007-10,25.569469673830916,209.19,4.76,39.3661,0.8931,0.9929,115.91,1.1683,2.0436,4.56
2007-11,25.37013519378848,210.834,4.49,39.3267,0.9186,0.9497,114.87,1.1591,2.0818,4.36
2007-12,26.942305528316748,211.445,4.24,39.375,0.8828,1.0,110.44,1.1291,2.0658,3.89
2008-01,29.835870561190863,212.174,3.94,39.2676,0.8812,0.9922,109.7,1.1174,1.9824,3.91
2008-02,31.3469545228029,212.687,2.98,39.6735,0.9035,0.9939,106.3,1.0821,1.9687,3.62
2008-03,29.626890864372175,213.448,2.61,40.1452,0.9409,0.9867,103.57,1.0431,1.985,3.54
2008-04,27.813590110437733,213.942,2.28,39.9668,0.9067,1.0268,101.77,1.0108,1.9774,3.57
2008-05,28.662369186747473,215.208,1.98,42.0019,0.9338,1.0187,104.04,1.0478,1.9749,3.78
2008-06,29.84551577796711,217.463,2.0,42.7633,0.9548,1.0011,104.41,1.0379,1.9666,3.98
2008-07,29.665471731477165,219.016,2.01,42.7027,0.9535,1.022,105.73,1.0183,1.993,4.01
2008-08,26.852283505071778,218.69,2.0,42.9057,0.9317,1.0251,107.59,1.048,1.9743,3.97
2008-09,28.318356455061327,218.877,1.81,45.53,0.836,1.0698,108.85,1.107,1.7853,3.74
2008-10,23.09064896233543,216.995,0.97,48.6155,0.7937,1.0607,106.06,1.1209,1.7804,3.77
2008-11,26.331441799154437,213.153,0.39,48.8517,0.6823,1.1866,98.95,1.1681,1.5855,3.96
2008-12,28.430883984117543,211.398,0.16,48.5132,0.6447,1.237,93.71,1.2076,1.484,2.72
2009-01,29.84873085022586,211.933,0.15,48.6995,0.7083,1.2101,91.12,1.0685,1.452,2.46
2009-02,30.30205603870947,212.705,0.22,49.2484,0.632,1.2408,89.86,1.164,1.4228,2.76
2009-03,29.73941839342839,212.495,0.18,51.1291,0.6301,1.2891,97.17,1.1723,1.3989,2.91
2009-04,28.652723969971227,212.709,0.15,49.9655,0.6941,1.264,98.93,1.1465,1.4402,2.68
2009-05,31.517353352516597,213.022,0.18,48.51,0.729,1.1868,99.24,1.1364,1.4881,3.21
2009-06,29.816580127638368,214.79,0.21,47.6736,0.8101,1.087,96.53,1.0688,1.6448,3.71
2009-07,30.729660649123087,214.726,0.16,48.3624,0.8105,1.1446,96.41,1.072,1.6524,3.55
2009-08,30.65571398717186,215.445,0.16,48.2426,0.8428,1.065,95.23,1.0578,1.6956,3.66
2009-09,32.44972430755381,215.861,0.15,48.2924,0.8306,1.1028,93.09,1.0653,1.6168,3.38
2009-10,33.44961178002476,216.509,0.12,46.6524,0.873,1.0773,89.73,1.0424,1.595,3.21
2009-11,38.011799315189606,217.234,0.12,46.5305,0.9083,1.0742,90.56,1.0177,1.641,3.45
2009-12,35.24362210040671,217.347,0.12,46.5273,0.9249,1.043,86.62,0.9984,1.6626,3.28
2010-01,34.84495314032183,217.488,0.11,45.8944,0.9133,1.0377,92.55,1.0294,1.6109,3.85
2010-02,35.97344350314273,217.281,0.13,46.2732,0.8877,1.0651,90.8,1.0586,1.5924,3.68
2010-03,35.831980323757776,217.353,0.16,45.4509,0.9001,1.0421,89.28,1.0827,1.4974,3.61
2010-04,37.960358159049626,217.403,0.2,44.444,0.9212,1.0073,93.83,1.0559,1.529,3.89
2010-05,39.06312794380054,217.29,0.2,45.769,0.9255,1.0134,94.68,1.0868,1.5242,3.72
2010-06,40.05658527175399,217.199,0.18,46.4983,0.8396,1.0476,91.16,1.1548,1.4673,3.29
2010-07,38.06324047132959,217.605,0.18,46.7617,0.838,1.0622,87.42,1.0675,1.5126,2.96
2010-08,40.19804845113894,217.923,0.19,46.4605,0.9135,1.0227,86.42,1.0379,1.5897,2.99
2010-09,42.104586300577104,218.275,0.19,45.8729,0.9093,1.0497,84.48,1.0149,1.5472,2.58
2010-10,43.64782098477663,219.035,0.19,44.354,0.971,1.0214,83.3,0.9761,1.5829,2.54
2010-11,44.5641165785201,219.59,0.19,44.9315,0.9878,1.0133,80.66,0.9935,1.605,2.66
2010-12,45.69903708585851,220.472,0.18,45.1,0.9675,1.016,84.0,0.9997,1.5603,2.97
2011-01,42.90513929300561,221.187,0.17,45.375,1.02,0.9903,81.56,0.9329,1.549,3.36
2011-02,45.32930377610237,221.898,0.16,45.3795,1.0122,0.9921,81.48,0.9388,1.6124,3.48
2011-03,46.293825453727074,223.046,0.14,44.9143,1.0159,0.9742,81.86,0.9284,1.6309,3.41
2011-04,50.039384635169675,224.093,0.1,44.301,1.0387,0.9629,84.05,0.9243,1.6132,3.46
2011-05,49.409230472454865,224.806,0.09,44.9024,1.097,0.9492,81.23,0.864,1.669,3.31
2011-06,48.3161059044802,224.806,0.09,44.8109,1.0716,0.9713,80.82,0.8401,1.6391,2.96
2011-07,52.44425868471394,225.395,0.07,44.396,1.0754,0.9608,80.81,0.8479,1.607,3.22
2011-08,58.89047856350572,226.106,0.1,45.3135,1.093,0.9593,76.87,0.7813,1.6278,2.77
2011-09,52.158117253685276,226.597,0.08,47.6905,1.075,0.9751,76.81,0.7951,1.6179,2.15
2011-10,55.46642660793801,226.75,0.07,49.202,0.9647,1.044,76.66,0.9151,1.5474,1.8
2011-11,56.27340974488401,227.169,0.08,50.6785,1.0302,1.02,78.28,0.8901,1.5946,2.01
2011-12,50.37375215007957,227.223,0.07,52.3824,1.0227,1.0172,77.6,0.9135,1.5698,2.11
2012-01,55.955117591267864,227.842,0.08,51.0015,1.038,1.0089,76.67,0.9319,1.5655,1.97
2012-02,55.019531563971896,228.329,0.1,49.1812,1.07,0.9984,76.11,0.9141,1.5849,1.87
2012-03,53.75279309402479,228.807,0.13,50.3635,1.0803,0.9848,81.16,0.9051,1.5953,2.03
2012-04,53.50523253010112,229.187,0.14,51.69,1.0426,0.9916,82.16,0.9037,1.6022,2.22
2012-05,50.2901602713521,228.713,0.16,54.3314,1.0345,0.9839,80.17,0.9087,1.6221,1.98
2012-06,51.576189174851706,228.524,0.16,55.9424,0.9688,1.0378,78.21,0.9671,1.5383,1.47
2012-07,51.9105566897616,228.59,0.16,55.4248,1.0239,1.0193,79.42,0.9544,1.5679,1.61
2012-08,54.25755943864838,229.918,0.13,55.4935,1.0518,1.0017,78.19,0.9767,1.5596,1.56
2012-09,57.03216679794878,231.015,0.14,54.35,1.023,0.9862,78.35,0.9558,1.5889,1.59
2012-10,55.27030720015432,231.638,0.16,53.0995,1.0374,0.9827,78.0,0.9376,1.6142,1.64
2012-11,55.06454257559439,231.249,0.16,54.7845,1.0402,0.9973,80.14,0.9326,1.6142,1.75
2012-12,53.878180912116,231.221,0.16,54.647,1.0433,0.9929,82.24,0.925,1.6104,1.63
2013-01,53.43450094040863,231.679,0.14,54.229,1.0492,0.9859,87.1,0.9166,1.6255,1.86
2013-02,50.73705531531821,232.937,0.15,53.8079,1.0412,0.9987,92.54,0.903,1.5744,2.04
2013-03,51.30290803285804,232.282,0.14,54.4229,1.021,1.0285,93.38,0.9448,1.5033,1.86
2013-04,47.329078721044255,231.797,0.15,54.3236,1.0421,1.0166,93.3,0.946,1.5232,1.86
2013-05,44.785956564373784,231.893,0.11,54.9845,1.0285,1.0083,97.28,0.9268,1.5578,1.66
2013-06,39.342839230311704,232.445,0.09,58.3835,0.977,1.029,99.18,0.9442,1.5349,2.13
2013-07,42.21389875737457,232.9,0.09,59.7609,0.9247,1.0499,99.62,0.9452,1.5247,2.5
2013-08,44.885623804395,233.456,0.08,62.8109,0.8919,1.0338,99.3,0.9353,1.5145,2.74
2013-09,42.664008873599435,233.544,0.08,63.648,0.9055,1.0532,99.43,0.9363,1.5544,2.86
2013-10,42.557911489060714,233.669,0.09,61.6059,0.9387,1.0333,98.05,0.9064,1.6208,2.66
2013-11,40.20126352339769,234.1,0.08,62.5179,0.9438,1.0442,98.78,0.9124,1.5922,2.65
2013-12,38.65481376693941,234.719,0.09,61.811,0.9098,1.0632,103.04,0.9076,1.6365,2.81
2014-01,39.86046586397029,235.288,0.07,62.1057,0.8924,1.0634,104.84,0.8998,1.6441,3.0
2014-02,42.49039497162698,235.547,0.07,62.1642,0.8777,1.1074,101.11,0.9014,1.6307,2.61
2014-03,41.275097657819856,236.028,0.08,60.9476,0.8929,1.109,101.36,0.881,1.6712,2.6
2014-04,41.66412140112849,236.468,0.09,60.3464,0.9252,1.1026,103.52,0.8825,1.6639,2.77
2014-05,40.05980034401273,236.918,0.09,59.2843,0.9275,1.0965,102.3,0.8797,1.69,2.63
2014-06,42.50325526066198,237.231,0.1,59.7367,0.925,1.0894,102.3,0.898,1.6756,2.54
2014-07,41.24294693523237,237.498,0.09,60.0956,0.9488,1.0652,101.51,0.8871,1.7147,2.58
2014-08,41.390840259134826,237.46,0.09,60.8738,0.9304,1.0918,102.45,0.9048,1.6832,2.52
2014-09,38.95381548700307,237.477,0.09,60.8976,0.9276,1.0923,105.1,0.9196,1.6502,2.42
2014-10,37.667786583503464,237.43,0.09,61.3668,0.8734,1.1171,109.3,0.9566,1.6216,2.42
2014-11,37.793174401594676,236.983,0.09,61.6828,0.8701,1.1319,113.92,0.9655,1.5986,2.36
2014-12,38.06967061584709,236.252,0.12,62.7071,0.8521,1.1343,118.14,0.9631,1.5743,2.22
2015-01,41.127204333917405,234.747,0.11,62.13,0.8118,1.1725,120.2,1.0004,1.5361,2.12
2015-02,39.0020415708843,235.342,0.11,61.9905,0.7818,1.2577,117.33,0.9262,1.5027,1.68
2015-03,38.040734965518354,235.976,0.11,62.4805,0.778,1.2535,120.06,0.9553,1.5371,2.08
2015-04,38.01501438744836,236.222,0.12,62.6414,0.7615,1.261,119.62,0.9671,1.4823,1.87
2015-05,38.25292973459578,237.001,0.12,63.715,0.7813,1.2191,120.21,0.934,1.5137,2.12
2015-06,37.67421672802096,237.657,0.13,63.7809,0.7613,1.2547,124.64,0.9467,1.5187,2.19
2015-07,35.20825630556046,238.034,0.13,63.6045,0.7664,1.2559,123.02,0.9456,1.5617,2.43
2015-08,36.4106933303326,238.033,0.14,65.0971,0.7277,1.3141,123.98,0.9682,1.5603,2.16
2015-09,35.85448582956902,237.498,0.14,66.1667,0.7036,1.318,119.94,0.9622,1.5341,2.17
2015-10,36.696834761361266,237.733,0.12,65.0262,0.7044,1.324,119.58,0.9744,1.5162,2.05
2015-11,34.25016477245326,238.017,0.12,66.1,0.7141,1.3093,120.7,0.9853,1.5428,2.2
2015-12,34.086196087257065,237.761,0.24,66.5023,0.732,1.3372,122.88,1.0296,1.5074,2.15
2016-01,35.89306669667401,237.652,0.34,67.3332,0.7166,1.397,119.3,1.0042,1.4686,2.24
2016-02,39.686851961997846,237.336,0.38,68.2395,0.7084,1.4005,121.06,1.0202,1.4367,1.97
2016-03,39.72543282910283,238.08,0.36,66.8909,0.7172,1.3404,113.94,0.9994,1.3948,1.83
2016-04,41.490507499156045,238.992,0.37,66.4219,0.7672,1.3047,112.06,0.9588,1.4204,1.79
2016-05,39.14350475026926,239.557,0.37,66.8895,0.7641,1.2544,106.48,0.9556,1.4666,1.88
2016-06,42.458244249039495,240.222,0.38,67.2655,0.7242,1.3089,109.55,0.9892,1.4395,1.85
2016-07,43.64460591251788,240.101,0.39,67.158,0.7485,1.2897,102.55,0.973,1.3281,1.46
2016-08,42.16245760123459,240.545,0.4,66.9035,0.7567,1.3096,102.26,0.9671,1.3209,1.51
2016-09,42.34571671998328,241.176,0.4,66.7138,0.7542,1.3107,103.22,0.9792,1.3273,1.57
2016-10,40.931084926133714,241.741,0.4,66.7415,0.7664,1.3138,101.54,0.974,1.284,1.63
2016-11,37.7417332454547,242.026,0.41,67.6395,0.7659,1.3377,104.59,0.979,1.2218,1.83
2016-12,37.02798720401241,242.637,0.54,67.8052,0.7411,1.333,114.34,1.0126,1.2596,2.45
2017-01,38.947385342485575,243.618,0.65,68.0474,0.7231,1.3437,117.68,1.0266,1.2256,2.45
2017-02,40.31379105245391,244.006,0.66,66.9726,0.7564,1.3088,113.29,0.993,1.2643,2.48
2017-03,40.22698410146768,243.892,0.79,65.8009,0.7664,1.3345,113.66,1.0072,1.2318,2.46
2017-04,40.54537081603262,244.193,0.9,64.536,0.7601,1.3388,110.96,1.0029,1.2479,2.35
2017-05,40.86375753059756,244.004,0.91,64.4195,0.7534,1.3653,111.78,0.9955,1.2917,2.33
2017-06,41.1821442451625,244.163,1.04,64.4482,0.7387,1.3484,111.24,0.9712,1.2894,2.21
2017-07,41.500530959727435,244.243,1.15,64.424,0.7652,1.3,113.32,0.9632,1.2951,2.35
2017-08,41.81891767429238,245.183,1.16,63.9683,0.7974,1.254,110.33,0.9655,1.3206,2.26
2017-09,42.137304388857316,246.435,1.15,64.4775,0.798,1.2372,110.09,0.9626,1.2972,2.16
2017-10,42.455691103422254,246.626,1.15,65.0357,0.7825,1.2507,112.6,0.9737,1.3268,2.34
2017-11,42.7740778179872,247.284,1.16,64.8435,0.7676,1.289,114.04,1.0014,1.3257,2.37
2017-12,43.092464532552135,247.805,1.3,64.2445,0.7624,1.2705,111.88,0.9762,1.3505,2.37
2018-01,43.41085124711707,248.859,1.41,63.6452,0.7824,1.2507,112.18,0.9718,1.3596,2.46
2018-02,43.72923796168202,249.529,1.42,64.43,0.8028,1.228,109.5,0.9288,1.4247,2.78
2018-03,44.04762467624695,249.577,1.51,65.0455,0.7762,1.284,106.91,0.9461,1.3755,2.81
2018-04,44.36601139081189,250.227,1.69,65.6729,0.7658,1.2918,105.99,0.9558,1.4032,2.73
2018-05,44.684398105376836,250.792,1.7,67.51,0.7488,1.2873,109.69,0.9954,1.3611,2.97
2018-06,45.002784819941766,251.018,1.82,67.79,0.7566,1.2948,109.49,0.9867,1.3358,2.89
2018-07,45.32117153450671,251.214,1.91,68.6867,0.7322,1.3213,110.73,0.9946,1.3133,2.87
2018-08,45.639558249071655,251.663,1.91,69.6317,0.7402,1.3006,111.72,0.9923,1.312,3.0
2018-09,45.957944963636585,252.182,1.95,72.2779,0.7174,1.3182,111.44,0.9753,1.2833,2.9
2018-10,46.27633167820153,252.772,2.19,73.5609,0.7223,1.2799,113.96,0.984,1.3032,3.09
2018-11,46.59471839276647,252.594,2.2,71.738,0.7189,1.3108,112.79,1.0033,1.2974,3.14
2018-12,46.913105107331404,252.767,2.27,70.8331,0.736,1.319,113.54,0.9975,1.2742,2.98
2019-01,47.23149182189635,252.561,2.4,70.71,0.7,1.3591,109.22,0.9884,1.2598,2.66
2019-02,47.549878536461286,253.319,2.4,71.1739,0.726,1.3095,109.55,0.994,1.3094,2.7
2019-03,47.86826525102622,254.277,2.41,69.4895,0.708,1.3277,111.89,0.9987,1.3222,2.76
2019-04,48.18665196559116,255.233,2.42,69.4068,0.7117,1.3344,111.29,0.9988,1.3144,2.49
2019-05,48.505038680156105,255.296,2.39,69.7827,0.7038,1.3417,111.18,1.0137,1.3091,2.52
2019-06,48.82342539472104,255.213,2.38,69.388,0.6955,1.3471,108.39,0.9994,1.2621,2.07
2019-07,49.14181210928598,255.802,2.4,68.7391,0.6963,1.3124,108.42,0.9864,1.2644,2.03
2019-08,49.460198823850924,256.036,2.13,71.1891,0.6858,1.3202,108.28,0.9938,1.2145,1.9
2019-09,49.77858553841586,256.43,2.04,71.311,0.6758,1.3332,105.88,0.9872,1.2086,1.47
2019-10,50.0969722529808,257.155,1.83,71.0086,0.6703,1.3235,107.7,0.9936,1.2242,1.65
2019-11,50.41535896754574,257.879,1.55,71.4942,0.6914,1.3145,108.16,0.9855,1.295,1.73
2019-12,50.73374568211067,258.63,1.55,71.1567,0.6819,1.3298,109.09,0.992,1.2936,1.83
2020-01,51.05213239667562,259.127,1.55,71.279,0.6982,1.2998,108.43,0.9721,1.3128,1.88
2020-02,50.37053707782083,259.25,1.58,71.5295,0.6688,1.3295,108.59,0.9655,1.3006,1.54
2020-03,51.331843683186776,258.076,0.65,74.5482,0.6524,1.3334,108.02,0.9577,1.2791,1.1
2020-04,54.46975420772582,256.032,0.05,76.1682,0.6107,1.4222,107.05,0.9675,1.2394,0.62
2020-05,56.318420756506505,255.802,0.05,75.6575,0.6424,1.4102,106.76,0.9599,1.2509,0.64
2020-06,57.887376018776024,257.042,0.08,75.7077,0.6785,1.3603,107.56,0.9613,1.2472,0.66
2020-07,63.8481199864967,258.352,0.09,74.9286,0.6917,1.3579,107.5,0.9455,1.2474,0.69
2020-08,63.61341971160802,259.316,0.1,74.5657,0.7107,1.3408,106.11,0.9194,1.3053,0.56
2020-09,60.94169466458759,259.997,0.09,73.5233,0.7375,1.3043,106.0,0.9072,1.3416,0.68
2020-10,60.440143392222744,260.319,0.09,73.5648,0.7189,1.3289,105.53,0.9179,1.2901,0.68
2020-11,57.257221856061214,260.911,0.09,74.2311,0.7045,1.3255,104.8,0.92,1.2904,0.87
2020-12,60.92883437555259,262.045,0.09,73.6195,0.7355,1.2958,104.4,0.9005,1.3392,0.92
2021-01,59.48848200363303,262.639,0.09,73.1106,0.7657,1.2781,103.19,0.8811,1.3551,0.93
2021-02,55.582169209252974,263.573,0.08,72.8053,0.7625,1.2826,104.97,0.8965,1.3672,1.09
2021-03,55.157779671098105,264.847,0.07,72.8196,0.7776,1.2652,106.68,0.9138,1.3938,1.45
2021-04,56.832832317906345,266.625,0.07,74.5186,0.7604,1.2569,110.61,0.9409,1.3825,1.69
2021-05,61.25677174594499,268.404,0.06,73.2065,0.7758,1.2275,109.08,0.9116,1.3913,1.63
2021-06,56.95822013599755,270.71,0.08,73.5782,0.7765,1.2031,109.43,0.8954,1.4168,1.62
2021-07,58.42429308598711,271.965,0.1,74.539,0.7472,1.2405,111.56,0.9253,1.378,1.48
2021-08,58.45322873631584,272.752,0.09,74.1155,0.7364,1.2501,109.22,0.9051,1.3886,1.2
2021-09,56.4888195862202,273.942,0.08,73.6357,0.7369,1.2615,110.03,0.9145,1.379,1.31
2021-10,57.353674023823686,276.528,0.08,74.92,0.7271,1.2657,110.97,0.9297,1.3572,1.48
2021-11,57.11575867667626,278.824,0.08,74.477,0.7534,1.2355,114.19,0.9105,1.3679,1.58
2021-12,58.79081132348449,280.806,0.08,75.3948,0.7132,1.2778,112.82,0.9195,1.3308,1.43
2022-01,57.75555805616732,282.542,0.08,74.4075,0.7195,1.2757,115.27,0.9188,1.3469,1.63
2022-02,61.10887842204254,284.525,0.08,74.9695,0.711,1.2688,114.77,0.9231,1.3505,1.81
2022-03,62.729274840452035,287.467,0.2,76.1896,0.7248,1.2709,114.87,0.9186,1.3318,1.72
2022-04,60.806661629720125,288.582,0.33,76.1719,0.7493,1.2507,122.6,0.9256,1.3114,2.39
2022-05,59.324513318436836,291.299,0.77,77.2933,0.7058,1.2884,130.18,0.977,1.2523,2.99
2022-06,58.106000932370954,295.072,1.21,78.09,0.7164,1.267,130.09,0.9644,1.2472,2.94
2022-07,56.40522770749273,294.94,1.68,79.5915,0.6789,1.2915,135.09,0.9623,1.2048,2.88
2022-08,55.19957561046185,295.162,2.33,79.5065,0.7035,1.283,131.8,0.9486,1.2278,2.6
2022-09,53.48594209654862,296.421,2.56,80.2538,0.678,1.316,139.93,0.9838,1.1541,3.26
2022-10,52.749690549295096,297.979,3.08,82.2915,0.6501,1.3651,144.5,0.9929,1.1272,3.67
2022-11,56.36664684038774,298.708,3.78,81.6805,0.6392,1.3639,148.11,0.9995,1.146,4.07
2022-12,58.70721944475702,298.808,4.1,82.4738,0.6804,1.3427,135.55,0.9377,1.2252,3.53
2023-01,62.26308936293343,300.456,4.33,81.741,0.673,1.3664,130.83,0.9368,1.197,3.79
2023-02,59.051232176443165,301.476,4.57,82.5995,0.7067,1.3335,129.27,0.9147,1.2308,3.39
2023-03,63.93171186522417,301.643,4.65,82.2665,0.6768,1.3597,135.82,0.9387,1.2034,4.01
2023-04,64.26929445239281,302.858,4.83,81.9685,0.6784,1.3435,132.35,0.913,1.2403,3.43
2023-05,63.43659073737682,303.316,5.06,82.2977,0.6636,1.3541,137.35,0.8961,1.2495,3.59
2023-06,61.661870850547366,304.099,5.08,82.2252,0.6577,1.3441,138.74,0.9077,1.2536,3.61
2023-07,63.645570434195506,304.615,5.12,82.1565,0.6678,1.3243,144.5,0.8956,1.2695,3.86
2023-08,62.59745687784333,306.138,5.33,82.8122,0.6611,1.3289,143.34,0.8763,1.275,4.05
2023-09,60.105775877312844,307.374,5.33,83.07,0.6449,1.3582,146.2,0.8857,1.2594,4.18
2023-10,64.11818605623161,307.653,5.33,83.2162,0.6375,1.3666,149.8,0.9176,1.213,4.69
2023-11,65.83181957014483,308.087,5.33,83.266,0.6363,1.3879,150.96,0.9103,1.2127,4.77
2023-12,66.98603051103574,308.735,5.33,83.254,0.666,1.3495,147.0,0.8706,1.2682,4.22
2024-01,66.14689665150225,309.794,5.33,83.1119,0.6771,1.331,141.89,0.8483,1.2632,3.95
2024-02,66.06008970051602,311.022,5.33,82.9485,0.6566,1.338,146.18,0.8579,1.2727,3.87
2024-03,70.77660070410083,312.107,5.33,83.0214,0.6529,1.3553,150.2,0.8844,1.2652,4.19
2024-04,74.03989904673108,313.016,5.33,83.3968,0.6484,1.3579,151.72,0.9055,1.2545,4.33
2024-05,75.70530647676306,313.14,5.33,83.3873,0.6496,1.376,157.65,0.9195,1.2488,4.63
2024-06,75.12337839792949,313.131,5.33,83.46,0.6683,1.3626,156.04,0.8954,1.2795,4.41
2024-07,78.39953702959474,313.566,5.33,83.5895,0.6656,1.3742,161.55,0.9039,1.265,4.48
2024-08,81.55673798768626,314.131,5.33,83.8855,0.6522,1.3845,150.06,0.8744,1.2772,3.99
2024-09,85.13189833941519,314.851,5.13,83.791,0.6721,1.3543,145.82,0.8503,1.3103,3.84
2024-10,88.39198160978668,315.564,4.83,84.005,0.6888,1.3492,143.66,0.8458,1.3282,3.74
2024-11,85.27336151880014,316.449,4.64,84.3326,0.6582,1.3925,152.94,0.8704,1.2959,4.37
2024-12,84.17380680630797,317.603,4.48,84.9686,0.6459,1.4069,149.26,0.8866,1.2639,4.19
2025-01,91.47523590592698,319.086,4.33,86.2652,0.6208,1.4422,157.65,0.9124,1.2376,4.19
2025-02,93.10527754111274,319.775,4.33,87.0637,0.6177,1.4601,154.68,0.9139,1.2389,4.19
2025-03,101.28442136737024,319.615,4.33,86.5214,0.6249,1.4399,150.16,0.8972,1.2711,4.19
2025-04,106.71146334013856,320.321,4.33,85.5768,0.6278,1.4316,149.4,0.8827,1.2923,4.19
2025-05,107.50880126030833,320.58,4.33,85.2462,0.6373,1.3847,145.48,0.8321,1.3273,4.19
2025-06,106.34494510264118,321.5,4.33,85.8765,0.6493,1.3699,142.76,0.8173,1.3549,4.19
2025-07,107.65990965646952,322.132,4.33,86.1714,0.6572,1.3659,143.58,0.7929,1.3728,4.19
2025-08,112.91333772726541,323.364,4.33,87.5695,0.6468,1.3778,148.06,0.8068,1.3259,4.19
2025-09,124.52617872586686,324.368,4.22,88.3214,0.6516,1.3784,148.23,0.8033,1.3392,4.19
2025-10,129.1140868391017,324.368,4.09,88.3691,0.6605,1.3953,147.16,0.7984,1.3474,4.19
2025-11,135.10698152940986,325.031,3.88,88.8444,0.6537,1.4049,154.13,0.8073,1.315,4.19
2025-12,141.02271448550806,325.031,3.72,90.035,0.6554,1.3982,155.28,0.8035,1.3229,4.19
