gold_return_1m,gold_return_3m,gold_return_6m,gold_return_12m,gold_ma3_ratio,gold_volatility_3m,real_rate,real_rate_lag1,fedfunds_lag1,cpi_yoy_lag1,yield_spread
-0.0126067668899121,0.0791724397004154,0.1598885027290013,0.0380273955892391,1.0007462686567163,0.0407374771537572,-0.5871326164874651,-0.3859712230215733,4.65,5.035971223021574,2.2299999999999995
0.0761315097737529,0.0866342319729018,0.3373024566772018,0.0866342319729018,0.955048409405256,0.0446495004897042,-1.4022898032200315,-0.5871326164874651,4.61,5.197132616487465,2.7300000000000004
0.0433085270902602,0.106833269974101,0.2628279481110784,0.1520557454925262,0.9483443708609268,0.044867118692065,-1.7385714285714275,-1.4022898032200315,4.68,6.082289803220031,2.8
-0.0200675630508091,0.099372473813204,0.1785449135136194,0.1381753638189733,0.999099099099099,0.048901497260846,-2.221871657754016,-1.7385714285714275,4.69,6.428571428571428,2.6999999999999997
-0.0253178079842899,-0.0020768439448388,0.084557388028063,0.1253479602164644,1.024024024024024,0.0381961336158406,-1.3875886524822851,-2.221871657754016,4.73,6.951871657754016,2.1000000000000005
-0.0048628091657014,-0.0502481802008005,0.0565850897733004,0.1475568679790271,1.0118384401114209,0.0106235319710276,-1.3119400352733577,-1.3875886524822851,5.35,6.737588652482285,1.99
0.0240809709932681,-0.0060996461567233,0.0932728276564807,0.253161330385482,0.9857239972807614,0.0248206525264507,-1.2466666666666653,-1.3119400352733577,5.39,6.701940035273357,1.92
0.006775093666361,0.0259932554939277,0.0239164115490888,0.3612188682262907,0.9876209768174656,0.0145640915855471,-0.731762652705064,-1.2466666666666653,5.42,6.666666666666665,1.5299999999999994
0.0545291068374576,0.0853851714970868,0.0351369912962862,0.2979649394073647,0.9624893435635123,0.0241765318038844,-0.2836111111110941,-0.731762652705064,5.9,6.631762652705064,1.16
0.0394911861137814,0.1007953866176001,0.0946957404608768,0.2732406539744962,0.957180905552141,0.0244162771481955,0.0796718480138087,-0.2836111111110941,6.14,6.423611111111094,0.9400000000000004
-0.0024615397044465,0.0915587532467925,0.1175520087407202,0.2021093967687832,0.98870404600534,0.0295355832190462,-0.2025645438898431,0.0796718480138087,6.47,6.390328151986191,1.12
0.0315368767445756,0.0685665231539105,0.1539516946509973,0.2105367844242978,0.9800995024875624,0.02228300758486,-0.1180821917808101,-0.2025645438898431,6.51,6.712564543889843,1.0200000000000005
0.0658436392495522,0.0949189762896813,0.1957143629072815,0.2889871905637622,0.9478293273709708,0.0341527054725093,-0.1143100511073305,-0.1180821917808101,6.56,6.67808219178081,1.13
0.0302803206078199,0.1276608366019478,0.2192195898487403,0.2431360013978292,0.9595083152566882,0.0201795379849287,0.5405396290050577,-0.1143100511073305,6.7,6.814310051107331,1.1799999999999995
0.0097140537204731,0.1058380135778453,0.1744045367317559,0.2095415280280421,0.9837092731829576,0.0283967466979381,0.4141610738255181,0.5405396290050577,6.78,6.239460370994943,1.260000000000001
-0.0874997297853876,-0.0475053554570945,0.0474136208325868,0.1421093612934636,1.0574443141852286,0.062909500220333,0.390000000000005,0.4141610738255181,6.79,6.375838926174482,1.240000000000001
0.0917869817970076,0.0140013057320931,0.1416621423340409,0.2592141510747612,0.9693404634581104,0.0897498469605095,0.2171428571428606,0.390000000000005,6.89,6.499999999999995,0.8799999999999999
-0.0178046246335066,-0.0135173726218866,0.0923206409559587,0.246272335606956,0.982217383414988,0.0903801718964411,0.1619834710743823,0.2171428571428606,7.36,7.14285714285714,0.8100000000000005
0.132850703741117,0.206833060904618,0.1593277054475235,0.355042068354805,0.9223069590085794,0.0778819378157194,0.0797368421052651,0.1619834710743823,7.6,7.438016528925617,0.7800000000000002
0.003805903737678,0.1188519828452885,0.1328532885773816,0.352072878426122,0.9561570117125672,0.0814622645892716,0.1840261865793744,0.0797368421052651,7.81,7.7302631578947345,0.5
0.0477495107261964,0.1844061182049916,0.1708887455831049,0.3452932823148609,0.9677078617775766,0.0656071820962355,-0.0328711256117468,0.1840261865793744,8.04,7.855973813420625,-0.0699999999999985
0.0858412343629546,0.1373966488268292,0.3442297097314473,0.3916433305640341,0.9308959977842404,0.0410524369467046,0.0314285714285809,-0.0328711256117468,8.45,8.482871125611746,-0.3800000000000008
-0.2033979488686605,-0.0698072037795094,0.049044779065779,0.19070692139982,1.1167684996605567,0.1571545582046866,0.8890322580645229,0.0314285714285809,8.96,8.92857142857142,-1.0999999999999996
0.153568607633874,0.0360118931281681,0.2204180113331597,0.3127386522891184,0.9695778748180496,0.1895922926826349,1.0412359550561572,0.8890322580645229,9.76,8.870967741935477,-1.2299999999999986
0.0326489479900469,-0.0171803932447396,0.1202162555820895,0.2795439610296131,0.9326570865032404,0.1815511057830464,0.8196012759170692,1.0412359550561572,10.03,8.988764044943842,-0.8900000000000006
0.066623202131633,0.252840757755554,0.1830335539760446,0.3158868425534262,0.9470146302886516,0.0623636079387185,0.2187301587301497,0.8196012759170692,10.07,9.250398724082933,-1.120000000000001
-0.0366459366287483,0.0626262134929316,0.0986381066210997,0.2695268522042047,1.002597757724911,0.0526316539722376,-0.1623659305993712,0.2187301587301497,10.06,9.84126984126985,-0.92
0.0219075698661268,0.0518848353690115,0.0347044421242719,0.3789341518557192,0.9977260567148208,0.051788859664443,-0.475133020344284,-0.1623659305993712,10.09,10.252365930599373,-0.9000000000000004
0.1204546909991886,0.105716324236567,0.3585570819921211,0.4076018610579002,0.91794142060951,0.0793942225097345,-0.4576744186046522,-0.475133020344284,10.01,10.485133020344284,-0.8800000000000008
0.0095592868134555,0.1519215476787709,0.2145477611717026,0.4349657725048623,0.9561898050270146,0.0607752771109551,-0.786923076923074,-0.4576744186046522,10.24,10.697674418604652,-1.2399999999999984
0.0464719652781098,0.1764859430907539,0.2283707784597655,0.3485870340418551,0.9667003027245206,0.056470907268068,-0.9803816793893194,-0.786923076923074,10.29,11.076923076923071,-1.7100000000000009
0.0943005886029726,0.1503318406945379,0.256048164931105,0.4390817189071496,0.926232017141108,0.0424876673666774,-0.8961153262518842,-0.9803816793893194,10.47,11.45038167938932,-1.9499999999999995
0.2136094178915217,0.3543819717726042,0.5063035194513752,0.6049416260724749,0.8475484136794397,0.0860785513561657,-0.4496992481203126,-0.8961153262518842,10.94,11.836115326251884,-2.1099999999999994
-0.0475918712843643,0.26031813521013,0.4368040783008839,0.4715085204251559,0.9652579725175008,0.1307632596120616,1.6984649776452816,-0.4496992481203126,11.43,11.879699248120312,-4.26
0.1098874586536036,0.275905005260761,0.426236845955299,0.7847939279474201,0.9451800232288036,0.131519388718298,0.5874074074074009,1.6984649776452816,13.77,12.071535022354718,-2.390000000000001
0.228471954978696,0.2907675423479352,0.6451495141205394,0.859697275292242,0.8362292051756008,0.1384878203413501,0.5252135493372627,0.5874074074074009,13.18,12.5925925925926,-3.34
0.2633590773115606,0.6017184909438602,0.8620366261539902,1.0904074046137555,0.7933238636363636,0.0804497066566411,-0.0486131386861252,0.5252135493372627,13.78,13.254786450662737,-3.3200000000000003
-0.0953101798043247,0.3965208524859318,0.6724258577466928,0.928474022677798,0.9817708333333334,0.197777492024657,-0.0318497109826427,-0.0486131386861252,13.82,13.868613138686126,-2.8400000000000016
-0.209564293187829,-0.0415153956805931,0.249252146667342,0.7555556661187173,1.196531791907515,0.2467637712434082,2.5977253218884293,-0.0318497109826427,14.13,14.161849710982644,-4.400000000000002
-0.0233928795747053,-0.3282673525668591,0.2734511383770011,0.710255216677885,1.0953320184089417,0.0938845884975063,3.0207648725212373,2.5977253218884293,17.19,14.592274678111572,-4.92
0.0904571101552513,-0.1425000626072829,0.2540207898786488,0.6802576358339478,0.9495495495495494,0.1514565162415554,-3.445770308123242,3.0207648725212373,17.61,14.589235127478762,-0.4100000000000001
0.164139237710764,0.23120346829131,0.1896880726107168,0.8348375867312563,0.8746177370030581,0.0944803075568212,-4.795927977839321,-3.445770308123242,10.98,14.425770308123242,0.8399999999999999
-0.0185190477672372,0.2360773000987781,-0.0921900524680809,0.7698465736859093,0.9610591900311526,0.0918956910219561,-4.12068493150684,-4.795927977839321,9.47,14.265927977839322,1.1000000000000014
0.0215724852541279,0.1671926751976546,0.0246926125903717,0.6971184703370645,0.9918699186991868,0.0960005722029804,-3.2800949796472167,-4.12068493150684,9.03,13.15068493150684,1.1500000000000004
0.0483545292246203,0.051407966711511,0.282611435002821,0.5318635816701631,0.9617526022754782,0.033656807629677,-1.8988172043010767,-3.2800949796472167,9.61,12.890094979647216,0.450000000000001
-0.0699270144787482,0.0,0.2360773000987781,0.5095284384757792,1.0314122533748702,0.0620214477841548,0.177021276595747,-1.8988172043010767,10.87,12.768817204301076,-1.0300000000000011
0.0038865186892809,-0.017685966564847,0.1495067086328076,0.4035274985114565,1.021463666925265,0.0597444072983275,3.218421052631584,0.177021276595747,12.81,12.632978723404252,-3.389999999999999
-0.0723788479116733,-0.1384193437011407,-0.0870113769896296,0.1026766956210871,1.0486516541562414,0.0433413876656567,6.546293888166447,3.218421052631584,15.85,12.631578947368416,-5.979999999999999
-0.1567952634550056,-0.225287592677398,-0.225287592677398,-0.317477645145479,1.142439024390244,0.0803753408173452,7.285128205128201,6.546293888166447,18.9,12.353706111833551,-6.659999999999998
-0.0520638093865035,-0.2812379207531825,-0.2989238873180295,-0.2742312747276578,1.0952380952380951,0.0555390395349169,4.537594936708867,7.285128205128201,19.08,11.794871794871796,-3.0700000000000003
0.077113288690946,-0.1317457841505631,-0.2701651278517039,0.0124463071511171,0.9670155407548366,0.1171669826259579,4.088264669163541,4.537594936708867,15.93,11.392405063291132,-1.08
-0.0719877008421336,-0.0469382215376912,-0.2722258142150893,-0.0361485141163111,1.0231765507839128,0.0809472968440889,5.584029666254642,4.088264669163541,14.7,10.611735330836458,-2.58
0.0071319711372717,0.012257558986084,-0.2689803617670985,-0.1194736531342908,1.0199661590524536,0.0745971540793396,8.72807833537332,5.584029666254642,15.72,10.13597033374536,-4.469999999999999
-0.139203722574309,-0.204059452279171,-0.3358052364297341,-0.4228166134193638,1.0968494749124855,0.0732484940979204,9.40303030303031,8.72807833537332,18.52,9.79192166462668,-5.640000000000001
-0.0124458574937449,-0.1445176089307822,-0.1914558304684734,-0.4167434231458715,1.058758664146188,0.0794407357591572,8.265181598062942,9.40303030303031,19.1,9.696969696969692,-5.0
0.0468529212055446,-0.1047966588625093,-0.0925390998764252,-0.3914629871944548,0.9734686208192408,0.0950447054545326,7.002692307692314,8.265181598062942,19.04,10.774818401937058,-2.870000000000001
-0.0011280317044986,0.033279032007301,-0.1707804202718699,-0.4409455481235738,0.9854778028592928,0.0314817676811485,4.904564958283679,7.002692307692314,17.82,10.817307692307686,-0.4599999999999991
-0.0269977504503482,0.0187271390506977,-0.1257904698800844,-0.3980162840951737,1.0186301793444652,0.0374729589041032,4.808453364817007,4.904564958283679,15.87,10.96543504171632,0.6699999999999999
-0.0423982980771007,-0.0705240802319475,-0.1753207390944569,-0.4443011008615554,1.0383901927574803,0.0208552715224823,3.730560747663537,4.808453364817007,15.08,10.271546635182991,1.2599999999999998
-0.0257335606732795,-0.0951296092007285,-0.0618505771934274,-0.3976558136231616,1.0321913273750416,0.0092780072908521,3.457962962962976,3.730560747663537,13.31,9.579439252336464,1.0
-0.0276886553339665,-0.0958205140843468,-0.0770933750336491,-0.2685492055021226,1.0276501616470988,0.0091096053472987,4.963119266055051,3.457962962962976,12.37,8.912037037037024,0.9699999999999988
-0.0722249540617281,-0.1256471700689743,-0.1961712503009218,-0.2887103501773471,1.0599908550525838,0.0262956078674117,7.1663636363636325,4.963119266055051,13.22,8.25688073394495,-0.1999999999999993
-0.0867869352874191,-0.1867005446831138,-0.2818301538838423,-0.4526105741557122,1.087672052663076,0.0307899872659993,7.795124153498851,7.1663636363636325,14.78,7.613636363636367,-0.8300000000000001
0.0361432024686645,-0.1228686868804826,-0.2186892009648295,-0.344479670844914,1.0054834054834054,0.0671658735466937,8.31822671156004,7.795124153498851,14.68,6.884875846501148,-0.8399999999999999
-0.0518250678645859,-0.1024688006833405,-0.2281159707523148,-0.4034367098467717,1.022998986828774,0.0633410971484881,7.538071348940903,8.31822671156004,14.94,6.621773288439958,-0.5
-0.0346354966627564,-0.0503173620586778,-0.2370179067417916,-0.2988684839352191,1.0418502202643172,0.0466253189341421,6.967679558011057,7.538071348940903,14.45,6.911928651059096,-0.2200000000000006
0.1121029951406802,0.0256424306133378,-0.0972262562671448,-0.1743196313007939,0.939803094233474,0.090092615471995,6.032622950819665,6.967679558011057,14.15,7.182320441988943,1.8100000000000005
0.1631516406862343,0.2406191391641581,0.1381503384808176,-0.0580209118201042,0.8696136997212265,0.1026790313626979,4.154707158351404,6.032622950819665,12.59,6.557377049180335,3.290000000000001
-0.0332837719562744,0.2419708638706401,0.1916535018119622,-0.09017665207188,0.97068511198946,0.1019232943598375,5.369076262083764,4.154707158351404,10.12,5.965292841648595,2.4499999999999997
0.0439790610730224,0.1738469298029823,0.1994893604163201,-0.0191998405485094,0.9821118991331758,0.0989600259695912,4.677880085653112,5.369076262083764,10.31,4.940923737916236,1.799999999999999
0.0596507086959761,0.0703459978127241,0.3109651369768822,0.0828491662245674,0.9478841870824054,0.0497526609020975,4.722388059701479,4.677880085653112,9.71,5.032119914346889,1.3600000000000012
0.0088692377407797,0.1124990075097782,0.3544698713804184,0.1174519646386267,0.9749816041206768,0.0260033908878977,5.12428267800212,4.722388059701479,9.2,4.47761194029852,1.790000000000001
0.134469142644976,0.2029890890817318,0.3768360188847142,0.2796097626175693,0.9135468930914704,0.0631821335016178,4.972372881355925,5.12428267800212,8.95,3.825717321997879,1.6400000000000006
-0.2013356104954966,-0.0579972301097408,0.0123487677029832,0.1504991061838008,1.097395956258359,0.1696694072629245,5.025311510031676,4.972372881355925,8.68,3.7076271186440746,2.27
-0.0040203435965016,-0.0708868114470222,0.041612196062756,0.2332656978747183,1.0773301737756713,0.1687589427667878,5.179714889123554,5.025311510031676,8.51,3.484688489968324,1.450000000000001
0.0268864821845848,-0.1784694719074133,0.0245196171743184,0.2240089775906386,0.9836216839677048,0.1238102513381934,4.799999999999997,5.179714889123554,8.77,3.590285110876445,1.799999999999999
-0.0352149062910664,-0.0123487677029832,-0.0703459978127241,0.2406191391641581,1.0147351652727996,0.0310508053362319,5.188915537017721,4.799999999999997,8.8,4.000000000000004,1.629999999999999
0.0,-0.0083284241064816,-0.0792152355535038,0.2752546358269145,1.01194743130227,0.0311436323078368,6.505773195876276,5.188915537017721,8.63,3.44108446298228,1.7899999999999991
0.0210434529555172,-0.0141714533355492,-0.1926409252429626,0.1841950936417515,0.9861176103571986,0.0284251048737362,7.011025641025635,6.505773195876276,8.98,2.4742268041237248,1.5600000000000005
-0.0061018729573185,0.0149415799981986,0.0025928122952154,0.0149415799981986,0.9970966729441306,0.0142415383344665,7.103500511770743,7.011025641025635,9.37,2.358974358974364,2.24
-0.040841611787374,-0.0259000317891753,-0.0342284558956569,0.007383740167099,1.0299166257969592,0.0310200994279688,6.68643807574207,7.103500511770743,9.56,2.456499488229258,2.5200000000000014
-0.0737684968284315,-0.1207119815731241,-0.1348834349086733,-0.1103638177343548,1.0659978880675818,0.0338373590345597,6.727706422018343,6.68643807574207,9.45,2.763561924257929,1.99
0.0767067947308786,-0.0379033138849269,-0.0229617338867282,-0.0933077316994523,0.9744091279543602,0.0791039621883198,6.176734693877546,6.727706422018343,9.48,2.752293577981657,2.35
-0.0527098164195285,-0.0497715185170815,-0.0756715503062568,-0.1548867858597606,1.0101374570446735,0.0814810209313386,5.682896622313205,6.176734693877546,9.34,3.1632653061224536,2.16
-0.0229415692424064,0.0010554090689436,-0.1196565725041804,-0.3122974977471431,1.033931082981716,0.0677797956918902,5.2699080694586495,5.682896622313205,9.47,3.787103377686796,2.299999999999999
0.0506469885304938,-0.025004397131441,-0.062907711016368,-0.0603148987211525,0.9744296816244674,0.0532040936779786,4.896122448979602,5.2699080694586495,9.56,4.290091930541351,2.0500000000000007
-0.0115987180277792,0.0161067012603082,-0.0336648172567732,-0.0678932731524302,0.991123510017753,0.0396199951491486,5.017033639143723,4.896122448979602,9.59,4.693877551020398,2.16
-0.0379939741478088,0.0010542963549058,0.0021097054238494,-0.1327737294848239,1.0298559887600984,0.0455127414304993,5.735344129554654,5.017033639143723,9.91,4.892966360856277,2.2700000000000014
0.0362170984423255,-0.0133755937332624,-0.0383799908647035,-0.0613417247514318,0.9887364498644988,0.037617250354332,5.985322580645174,5.735344129554654,10.29,4.5546558704453455,2.5
-0.0454800997018076,-0.0472569754072909,-0.0311502741469826,-0.1068218244532395,1.018612071257644,0.0451622215931824,6.734044265593561,5.985322580645174,10.32,4.3346774193548265,2.5700000000000003
-0.0710651352728497,-0.0803281365323318,-0.079273840177426,-0.1989304126816065,1.0657531639547058,0.0560334779405592,6.921382765531064,6.734044265593561,11.06,4.325955734406439,2.639999999999999
0.0217430561972595,-0.0948021787773978,-0.1081777725106603,-0.1710854835270283,1.0096834264432029,0.0479355594142704,7.344295704295684,6.921382765531064,11.23,4.308617234468937,1.17
-0.018892427128919,-0.0682145062045092,-0.1154714816118001,-0.1491362988685733,1.005408482778252,0.0465234607199716,7.01713147410359,7.344295704295684,11.64,4.295704295704317,1.58
-0.0445293993085771,-0.0416787702402365,-0.1220069067725684,-0.1198972013487189,1.0370039682539682,0.0334178974165687,5.724126984126977,7.01713147410359,11.3,4.2828685258964105,2.549999999999999
-0.0074682946075257,-0.0708901210450219,-0.1656922998224197,-0.2040722906871233,1.0202898550724635,0.0189793336204992,5.275697329376844,5.724126984126977,9.99,4.265873015873023,2.2300000000000004
-0.0740387783765212,-0.1260364722926241,-0.1942509784971333,-0.225401252644116,1.0539231514368743,0.0333565541882353,4.336607495069047,5.275697329376844,9.43,4.154302670623156,3.18
-0.0074542558746619,-0.088961328858709,-0.1306400990989455,-0.2099139392763715,1.0307959227933206,0.0384385399981251,4.82404505386874,4.336607495069047,8.38,4.043392504930954,3.35
-0.0627617444356056,-0.1442547786867889,-0.2151448997318108,-0.3233226722424711,1.0458376630874031,0.0356360969201738,4.893762183235854,4.82404505386874,8.35,3.52595494613126,2.789999999999999
0.1460522626938214,0.0758362623835537,-0.0502002099090703,-0.1656716915208704,0.9280654494662276,0.1081869208880195,4.789912536443154,4.893762183235854,8.5,3.606237816764146,3.28
-0.0541171077784801,0.0291734104797356,-0.0597879183789733,-0.1817948251515417,0.9892575039494472,0.118142425481323,4.688199419167471,4.789912536443154,8.58,3.790087463556846,3.390000000000001
0.0094340322333583,0.1013691871486996,-0.0428855915380892,-0.2085778913605089,1.0121022430881583,0.1022831569437103,4.395120772946848,4.688199419167471,8.27,3.581800580832528,3.3
-0.0056497325421189,-0.0503328080872407,0.025503454296313,-0.1687475242008203,1.0006295247088448,0.0332048034148387,3.865583413693349,4.395120772946848,7.97,3.5748792270531515,2.5200000000000005
0.0536198273324575,0.0574041270236969,0.0865775375034325,-0.044062561595513,0.9669848846459824,0.0308025571883991,4.421786743515834,3.865583413693349,7.53,3.6644165863066513,2.31
0.0136298406299038,0.0615999354202423,0.162969122568942,-0.0521757771628688,0.9738081224249558,0.0302318311990632,4.547509578544067,4.421786743515834,7.88,3.458213256484166,2.6099999999999994
-0.0380912746934933,0.0291583932688679,-0.0211744148183727,-0.0713746247274431,1.0211963721593802,0.0459804288829878,4.6726265520535,4.547509578544067,7.9,3.3524904214559337,2.3200000000000003
-0.0012236159373135,-0.0256850500009031,0.0317190770227937,-0.0280688413561795,1.0137741046831956,0.0266299430605617,4.754985727878217,4.6726265520535,7.92,3.2473734479465,2.299999999999999
0.0018348629001101,-0.0374800277306968,0.0241199076895455,-0.0187656838485437,0.999185253080762,0.0222211424027678,4.536229819563141,4.754985727878217,7.99,3.2350142721217834,1.93
0.0115432630460659,0.0121545100088624,0.0413129032777304,0.0668163575740434,0.991744689419108,0.0066658398466773,4.478530805687209,4.536229819563141,8.05,3.5137701804368597,1.42
0.0637642861280238,0.0771424120741999,0.0514573620732967,0.1380348995767293,0.9552281099461604,0.0333080114148296,4.166490066225168,4.478530805687209,8.27,3.791469194312791,0.8999999999999986
-0.0343022533977079,0.0410052957763817,0.0035252680456849,0.166494390614627,1.001955034213099,0.0490677980014638,4.6615051740357405,4.166490066225168,8.14,3.973509933774833,1.1599999999999993
-0.0183491386681962,0.0111128940621196,0.0232674040709821,0.0020929892526093,1.0241935483870968,0.0526215459292254,5.326441947565555,4.6615051740357405,7.86,3.19849482596426,0.5099999999999998
0.0389564562020732,-0.0136949358638309,0.0634474762103689,0.0951665532331627,0.9804653835104852,0.0385254712392411,5.401214953271031,5.326441947565555,7.48,2.153558052434445,0.3799999999999999
-0.002876871949653,0.0177304455842239,0.0587357413606057,0.0828556490501513,0.9891481801594164,0.0296461059418582,5.170895522388052,5.401214953271031,6.99,1.5887850467289688,0.6000000000000005
0.0017271161460752,0.0378067003984954,0.0489195944606151,0.0902324977383455,0.9998082638289713,0.0229392233653802,5.152558139534887,5.170895522388052,6.85,1.679104477611948,1.4000000000000004
0.0613518269287705,0.0602020711251927,0.0465071352613617,0.0979644973346585,0.9597872148588946,0.0358274303709717,4.8886908077994455,5.152558139534887,6.92,1.7674418604651132,0.8100000000000005
0.0618808134951773,0.1249597565700231,0.1426902021542471,0.146215470199932,0.9413509619459276,0.0345780596801762,4.594467099165902,4.8886908077994455,6.56,1.671309192200554,1.17
0.0887473047706466,0.2119799451945945,0.2497866455930899,0.2730540496640721,0.9250814332247556,0.0156663141082342,4.132368177613315,4.594467099165902,6.17,1.575532900834098,1.1400000000000006
-0.0581991106529429,0.092429007612881,0.1526310787380738,0.2160785549484427,1.0099465680230169,0.0782456021583273,4.283179723502295,4.132368177613315,5.89,1.757631822386685,1.5600000000000005
-0.0267415659961409,0.0038066281215627,0.1287663846915858,0.1875021260521916,1.0385849375211076,0.0773740970789155,4.755596330275224,4.283179723502295,5.85,1.5668202764977046,1.25
0.0301881474483178,-0.054752529200766,0.1572274159938285,0.2061470104544436,0.9889407716883756,0.0448011844772022,5.722785388127855,4.755596330275224,6.04,1.2844036697247765,0.2699999999999996
0.0049031723629524,0.0083497538151293,0.1007787614280104,0.1472858966893722,0.9868753566479171,0.0285240007238094,5.065122838944489,5.722785388127855,6.91,1.187214611872145,0.75
-0.0036751235778913,0.0314161962333789,0.0352228243549417,0.1779130265091888,1.0008181966944854,0.0176051046144332,4.185688240656332,5.065122838944489,6.43,1.364877161055511,1.1300000000000008
0.0368672037800386,0.0380952525650997,-0.0166572766356662,0.2331293689574236,0.9770522829429856,0.0213657310245433,3.28857011915674,4.185688240656332,6.1,1.914311759343668,1.04
0.0769259924622791,0.1101180726644264,0.1184678264795557,0.2710989052176296,0.9394669587440672,0.0403007997546928,2.690147194112238,3.28857011915674,6.13,2.8414298808432603,1.2199999999999998
-0.001095890520637,0.1126973057216806,0.1441135019550596,0.2728798866466455,0.9760233918128656,0.0390156321316007,3.1802752293577976,2.690147194112238,6.37,3.679852805887762,1.540000000000001
-0.0083682496705166,0.0674618522711254,0.1055571048362251,0.2627845208300536,1.0059708093763824,0.0472853204367077,2.982285191956122,3.1802752293577976,6.85,3.669724770642202,1.7199999999999989
0.0494007483490062,0.0399366081578524,0.1500546808222789,0.2508334422502893,0.9705325194695854,0.0314644107866748,2.653059360730606,2.982285191956122,6.73,3.7477148080438782,1.7799999999999994
-0.0351289065897493,0.0059035920887402,0.1186008978104209,0.1538237221653626,1.0071942446043167,0.0432023387773425,2.441678832116776,2.653059360730606,6.58,3.926940639269394,2.08
0.0002179836520892,0.0144898254113461,0.0819516776824715,0.0652944010468052,1.0117698343504793,0.0424531301497428,2.9472727272727277,2.441678832116776,6.73,4.2883211678832245,1.830000000000001
0.0266682470821613,-0.0082426758554987,0.0316939323023537,0.1501617587819095,0.9823853989813244,0.0310051266923138,2.934283121597096,2.9472727272727277,7.22,4.2727272727272725,2.37
0.0537097272991791,0.0805959580334296,0.0864995501221699,0.2306130520772296,0.956824886028426,0.0267464163526432,2.1610144927536146,2.934283121597096,7.29,4.355716878402904,2.29
-0.0168343900519563,0.0635435843293841,0.0780334097407302,0.1835905145769554,0.9935910547487556,0.0355907141044798,2.437870036101088,2.1610144927536146,6.69,4.528985507246386,2.24
-0.0641976778880804,-0.0273223406408575,-0.0355650164963563,0.1144896643259225,1.050236277717194,0.05933227020418,2.700736086175956,2.437870036101088,6.77,4.332129963898912,2.0
-0.059766211729864,-0.1407982796699007,-0.0602023216364711,0.0583985761739498,1.064521108281238,0.0261599574398948,2.6444007155635028,2.700736086175956,6.83,4.129263913824044,1.6799999999999995
0.0584567396963944,-0.06550714992155,-0.0019635655921659,0.0799881120903056,0.9815097910751984,0.0695705999797252,2.747557932263814,2.6444007155635028,6.58,3.935599284436497,1.5700000000000005
-0.0116420864636128,-0.0129515584970825,-0.0402738991379401,-0.0085799668355863,0.9886581234349682,0.0594508804330492,2.8770984915705418,2.747557932263814,6.58,3.832442067736186,1.81
0.0157828791296443,0.0625975323624259,-0.0782007473074748,0.008298802814695,0.9934029288096274,0.0353247612458852,3.107699115044253,2.8770984915705418,6.87,3.9929015084294575,1.85
-0.0492578681322317,-0.0451170754662002,-0.1106242253877503,-0.03259081564702,1.0281775950041885,0.0326531636362028,3.54524229074889,3.107699115044253,7.09,3.9823008849557473,1.5199999999999996
0.0216957662419527,-0.0117792227606345,-0.0247307812577171,-0.0602957977540734,1.0021611148371712,0.0393693604835276,3.6199472759226623,3.54524229074889,7.51,3.96475770925111,1.0199999999999996
-0.0166820820841282,-0.0442441839744072,0.0183533483880187,-0.0418489732484523,1.0039402894597256,0.0355163326506201,3.898013998250221,3.6199472759226623,7.75,4.130052724077338,1.0600000000000005
-0.0970848839173652,-0.0920711997595407,-0.1371882752257409,-0.1391518408179068,1.0741482965931863,0.0606167092434707,4.005170008718397,3.898013998250221,8.01,4.111986001749779,1.0600000000000005
0.0390569106216842,-0.0747100553798092,-0.0864892781404438,-0.1267631772783839,1.007146872239621,0.0684422312012184,4.039130434782594,4.005170008718397,8.19,4.184829991281602,0.5399999999999991
0.0343350881356618,-0.0236928851600191,-0.0679370691344263,-0.1461378164419011,0.96516139044072,0.0772745029988555,4.103899480069337,4.039130434782594,8.3,4.260869565217407,0.33
-0.0411033034818006,0.0322886952755454,-0.0597825044839952,-0.1704067298717455,1.016250303177298,0.044979451720639,4.34823529411764,4.103899480069337,8.35,4.246100519930662,0.25
-0.0408422065443887,-0.0476104218905275,-0.1223204772703367,-0.1470512585280539,1.0423614620178538,0.0434791995036162,4.637241379310346,4.34823529411764,8.76,4.41176470588236,0.1100000000000012
-0.0137371786295279,-0.0956826886557173,-0.1193755738157364,-0.1010222254277177,1.0233094262295082,0.015725009270301,4.712839931153199,4.637241379310346,9.12,4.482758620689653,-0.3699999999999992
-0.0010251154152451,-0.0556045005891618,-0.0233158053136164,-0.1605040805393573,1.0052991452991455,0.0203374852403793,4.957296137339059,4.712839931153199,9.36,4.647160068846801,-0.4900000000000002
-0.0246605618219515,-0.0394228558667246,-0.0870332777572522,-0.173522555897696,1.0169951817783618,0.0118289981146389,4.805870307167233,4.957296137339059,9.85,4.892703862660941,-0.629999999999999
-0.0374876559750347,-0.0631733332122315,-0.1588560218679489,-0.2267930910023752,1.0341064120054573,0.0184963308763779,4.533404255319155,4.805870307167233,9.84,5.034129692832767,-0.6699999999999999
0.0290421056435588,-0.0331061121534275,-0.0887106127425894,-0.1484931172265846,0.9932856259386872,0.0352957032756826,4.36050847457628,4.533404255319155,9.81,5.276595744680845,-0.92
0.0037037079374844,-0.0047418423939915,-0.0441646982607162,-0.166485175531053,0.988029222779685,0.0335781973913424,4.176708860759489,4.36050847457628,9.53,5.16949152542372,-1.1500000000000004
-0.0357516909638429,-0.0030058773827996,-0.0661792105950311,-0.1855547844107676,1.0229885057471264,0.0326522050801459,4.368151260504196,4.176708860759489,9.24,5.063291139240511,-1.25
0.0179012103292404,-0.014146772697118,-0.0472528848505455,-0.070568690164162,1.000089605734767,0.0277996744399168,4.5848535564853625,4.368151260504196,8.99,4.621848739495804,-0.8300000000000001
0.0149415799981991,-0.0029089006364033,-0.0076507430303949,-0.0946840207876471,0.9842867231638416,0.0301584729655775,4.252844036697253,4.5848535564853625,9.02,4.435146443514637,-0.5600000000000005
0.1004491100195643,0.1332919003470039,0.1302860229642042,-0.0285699989037446,0.9318163672654692,0.048535988100472,3.89497090606815,4.252844036697253,8.84,4.587155963302747,-0.6400000000000006
-0.0299037719163819,0.0854869181013815,0.0713401454042634,-0.0173704673383259,0.9874136229022704,0.0662250168084842,3.8103976801988377,3.89497090606815,8.55,4.655029093931851,-0.6399999999999997
0.030622076747937,0.1011674148511194,0.0982585142147161,0.0540938159539998,0.9897079942556248,0.065231723827521,3.031980198019798,3.8103976801988377,8.45,4.639602319801162,-0.29
-0.0215322217518685,-0.0208139169203134,0.1124779834266904,0.0462987728316592,1.004239015244151,0.0327961686296329,2.976842105263164,3.031980198019798,8.23,5.198019801980203,0.1799999999999997
-0.086544601400186,-0.0774547464041175,0.008032171697264,-0.0392207131532815,1.068177777777778,0.0587008103689232,3.0426841243862643,2.976842105263164,8.24,5.263157894736836,0.3100000000000005
-0.0096463770518053,-0.1177232002038599,-0.0165557853527404,-0.0242065283831354,1.036887452880991,0.0413948863985736,3.548383428107215,3.0426841243862643,8.28,5.237315875613735,0.3900000000000005
-0.0075676036828822,-0.1037585821348736,-0.124572499055187,0.0057135239090171,1.0083197684933982,0.0450093034366087,3.8145998383185233,3.548383428107215,8.26,4.711616571892785,0.9000000000000004
-0.0238858301507383,-0.0410998108854259,-0.1185545572895434,-0.0472144118852799,1.0187089006205423,0.0088822654611344,3.61634971796936,3.8145998383185233,8.18,4.365400161681476,0.1500000000000003
0.052237555295882,0.0207841214622614,-0.0969390787415984,0.0013194354731176,0.9737165963431786,0.0400784883434707,3.330722891566272,3.61634971796936,8.29,4.673650282030639,0.2799999999999993
0.026029579930983,0.0543813050761268,-0.0493772770587468,0.0631007063679436,0.9663412127440903,0.0386720742228988,2.42718875502009,3.330722891566272,8.15,4.819277108433728,0.1599999999999983
0.0474188920999099,0.125686027326775,0.0845862164413491,0.0926183881386131,0.9609572817119988,0.013949791890821,2.030128205128193,2.42718875502009,8.13,5.702811244979911,0.7000000000000011
-0.0679257755482418,0.0055226964826511,0.0263068179449126,0.0097510325921721,1.030334819477227,0.0613589219988286,1.7304146730462475,2.030128205128193,8.2,6.169871794871806,0.6000000000000014
0.011473398350664,-0.0090334850976678,0.0453478199784589,-0.0792246790767281,1.015556131708582,0.0590207586243581,1.6146068308181265,1.7304146730462475,8.11,6.379585326953752,0.7600000000000007
0.0268592690502682,-0.0295931081473095,0.0960929191794655,-0.0224616381100779,0.9786303213865052,0.0508677345550125,1.0550514647664375,1.6146068308181265,7.81,6.195393169181873,0.910000000000001
-0.0724784226350592,-0.0341457552341268,-0.0286230587514757,-0.1255621374930742,1.040615106286748,0.0534674515529044,1.2629411764705951,1.0550514647664375,7.31,6.254948535233562,1.0599999999999996
0.001355932411136,-0.0442632211736548,-0.0532967062713227,-0.1026739833300696,1.0241192411924118,0.0515911962033991,0.9374999999999912,1.2629411764705951,6.91,5.647058823529405,1.66
-0.0263606696910687,-0.0974831599149919,-0.1270762680623014,-0.0424900516209523,1.017343721016509,0.037297384076685,1.2988491446345032,0.9374999999999912,6.25,5.312500000000009,1.9999999999999991
-0.0047413280844863,-0.029746065364419,-0.0638918205985459,-0.0375850026536332,1.012114434815022,0.0145646978979174,1.100069821567125,1.2988491446345032,6.12,4.821150855365497,2.16
0.0196546119352043,-0.0114473858403507,-0.0557106070140056,-0.0103627870355467,0.988578216374269,0.0230215984244207,0.7451432997676184,1.100069821567125,5.91,4.809930178432875,2.2299999999999995
0.0141537474380935,0.0290670312888114,-0.0684161286261804,0.027676790553285,0.9842342342342344,0.0127961275305201,1.204080061585839,0.7451432997676184,5.78,5.034856700232382,2.24
0.00215982805343,0.0359681874267279,0.0062221220623088,-0.0224009366891668,0.9938870909744696,0.0089459588222044,1.452183908045976,1.204080061585839,5.9,4.695919938414161,2.4399999999999995
-0.0494781030104753,-0.0331645275189518,-0.0446119133593025,-0.0979086196306253,1.0330594124870125,0.0338115917457203,1.8606079027355689,1.452183908045976,5.82,4.367816091954024,2.539999999999999
0.0123910343481394,-0.0349272406089058,-0.0058602093200943,-0.1329364773823957,1.0084895979102528,0.0331635936540477,2.0537735849056613,1.8606079027355689,5.66,3.7993920972644313,2.3599999999999994
0.0061384121317371,-0.0309486565305987,0.0050195308961291,-0.0588722897024167,0.9918405192396847,0.0340589738508669,2.3614242878560807,2.0537735849056613,5.45,3.396226415094339,2.24
0.0317573909054504,0.0502868373853271,0.0171223098663753,-0.0385882971476303,0.9771849456570556,0.0133571648956282,1.7434330590874811,2.3614242878560807,5.21,2.8485757121439192,2.670000000000001
-0.047457180715134,-0.0095613776779464,-0.0444886182868522,-0.1129047469130326,1.0214749929358578,0.0404222875879309,1.4493740685543868,1.7434330590874811,4.81,3.0665669409125185,2.890000000000001
0.0140294108021437,-0.0016703790075398,-0.0326190355381386,-0.0263969134758297,1.0066870994706043,0.0415728889461802,1.3573942093541014,1.4493740685543868,4.43,2.980625931445613,2.75
-0.0134644390357032,-0.0468922089486936,0.0033946284366335,-0.041217284922669,1.0043302268662335,0.0308004848506297,1.2410089020771702,1.3573942093541014,4.03,2.672605790645899,3.3000000000000007
-0.0245867159101336,-0.0240217441436931,-0.0335831218216395,-0.0394433311417339,1.021225277375784,0.019878053493054,0.7900890207715281,1.2410089020771702,4.06,2.818991097922829,3.4
-0.0222426494874805,-0.0602938044333174,-0.0619641834408573,-0.0569446525447281,1.023478346650883,0.0058631144880666,0.5471724648408505,0.7900890207715281,3.98,3.189910979228472,3.73
0.001478634011824,-0.0453507313857901,-0.0922429403344837,-0.0751206304681084,1.006501182033097,0.0144198728889587,0.7964011799409962,0.5471724648408505,3.73,3.182827535159149,3.74
0.0175751448215075,-0.0031888706541489,-0.0272106147978421,-0.0716992330846943,0.987901664730933,0.0200302009256589,0.7452941176470693,0.7964011799409962,3.82,3.023598820059004,3.63
0.0481816056045523,0.0672353844378839,0.0069415800045664,-0.0256774555335721,0.9631064379265816,0.0237241812556359,0.0928781204111466,0.7452941176470693,3.76,3.0147058823529305,3.85
-0.0455717737621812,0.0201849766638786,-0.0251657547219115,-0.0217711262852779,1.014673231006854,0.047808620057757,0.225329428989748,0.0928781204111466,3.25,3.1571218795888534,3.42
0.0118037933040096,0.0144136251463806,0.0112247544922317,-0.0223583673294078,1.0075367296317497,0.0472669670887665,0.2272992700729887,0.225329428989748,3.3,3.074670571010252,3.3399999999999994
-0.0269777056868063,-0.0607456861449779,0.0064896982929059,-0.0554744851479513,1.0142115064196804,0.0292737075653602,-0.1798833819241978,0.2272992700729887,3.22,2.9927007299270114,3.1300000000000003
-0.0136177356014131,-0.0287916479842098,-0.0086066713203312,-0.1008496116548149,1.018380526577248,0.0197008781384087,-0.0304644412191397,-0.1798833819241978,3.1,3.279883381924198,3.79
-0.0071792112121027,-0.0477746525003222,-0.0333610273539415,-0.0605716421517836,1.0094065846092266,0.0100988760138549,-0.0467149059334541,-0.0304644412191397,3.09,3.12046444121914,4.0200000000000005
-0.007231125211887,-0.0280280720254029,-0.0887737581703809,-0.0818321781658144,1.0072573329301484,0.0037023885002972,-0.2337960954446942,-0.0467149059334541,2.92,2.966714905933454,3.58
-0.0048499640384527,-0.0192603004624425,-0.0480519484466523,-0.0732177031685639,1.0056720348424997,0.0013600254895457,-0.2167532467532535,-0.2337960954446942,3.02,3.2537960954446943,3.35
0.0305230158408904,0.0184419265905506,-0.0293327259097715,-0.0181079714175398,0.9815306022202572,0.0211435285635715,0.0505895039539843,-0.2167532467532535,3.03,3.2467532467532534,2.870000000000001
0.051411177212159,0.0770842290145967,0.0490561569891938,0.0555458552820997,0.9570735349010826,0.0284396407790193,-0.1963845050215145,0.0505895039539843,3.07,3.0194104960460155,3.1
0.06266456593187,0.1445987589849195,0.125338458522477,0.1167317872021458,0.9438162853887284,0.0163096765009822,-0.2211882605583497,-0.1963845050215145,2.96,3.1563845050215145,2.96
-0.0028966445533469,0.1111790985906822,0.1296210251812328,0.0962599978272913,0.9816279887482416,0.0350576919350516,0.0421413276231037,-0.2211882605583497,3.0,3.2211882605583497,3.03
0.0812591048555115,0.1410270262340347,0.2181112552486315,0.1293374970782506,0.948861333981684,0.0442082559345281,0.2130249110320377,0.0421413276231037,3.04,2.9978586723768963,2.74
-0.0905319226564551,-0.0121694623542905,0.132429296630629,0.0843773481839766,1.0346907993966818,0.0859013865433237,0.1890909090909169,0.2130249110320377,3.06,2.8469750889679624,2.82
-0.0507750979795202,-0.0600479157804638,0.0511311828102183,0.0217984569004467,1.067954821245216,0.089931263529702,0.3260028348688841,0.1890909090909169,3.03,2.840909090909083,2.37
0.034405485167126,-0.1069015354688494,0.0341254907651853,0.0831816477543792,0.9942279942279942,0.0638301035657303,0.2377064220183431,0.3260028348688841,3.09,2.763997165131116,2.35
0.0062036611634952,-0.0101659516488989,-0.0223354140031895,0.1030030445192875,0.9846732992739984,0.0433928827032966,0.2754539057002065,0.2377064220183431,2.99,2.752293577981657,2.54
0.0523817042745613,0.0929908506051826,0.0329429348247187,0.1625639600059516,0.9640214340392956,0.0232769521060993,0.1490372452564932,0.2754539057002065,3.02,2.744546094299793,2.8600000000000003
-0.021406362196302,0.0371790032417544,-0.0697225322270949,0.1483887230215366,0.997045533541884,0.0372813711501349,0.5990196078431458,0.1490372452564932,2.96,2.8109627547435068,2.87
-0.002871689742693,0.0281036523355662,0.0179377006866672,0.1503669973172963,1.0091503267973856,0.0383865219117708,0.734276729559749,0.5990196078431458,3.05,2.450980392156854,2.52
0.0303833876169909,0.0061053356779958,0.0990961862831785,0.1502273690933968,0.980978950038042,0.0262412284992043,0.6882205163991753,0.734276729559749,3.25,2.515723270440251,2.9400000000000004
-0.0427470858161722,-0.0152353879418742,0.0219436152998802,0.0560691060650655,1.0187047820716428,0.0366151460618282,1.1956050069541182,0.6882205163991753,3.34,2.6517794836008246,3.6
0.031781784056283,0.0194180858571018,0.047521738192668,0.0251863241894785,0.9932478632478632,0.0426313149801596,1.721511789181693,1.1956050069541182,3.56,2.364394993045882,3.08
-0.006947152602986,-0.0179124543628752,-0.0118071186848793,0.0211358161398393,0.9941475169980204,0.0372740262499499,1.755197505197505,1.721511789181693,4.01,2.288488210818307,2.87
0.0048937637911437,0.0297283952444407,0.0144930073025664,-0.0552295249245284,0.9990578965399108,0.0198456690052224,1.56103806228374,1.755197505197505,4.25,2.494802494802495,3.08
0.0041025698567778,0.0020491810449354,0.0214672669020372,0.0394049675887044,0.9956499488229272,0.0066197892128129,1.5694475138121646,1.56103806228374,4.26,2.69896193771626,2.66
0.0172505546137911,0.0262468882617126,0.0083344338988373,0.1074306201820158,0.9872568745808182,0.0073732147042203,1.7644827586206775,1.5694475138121646,4.47,2.900552486187835,2.46
-0.0324629144927182,-0.0111097900221492,0.0186186052222914,0.0405622205221716,1.0161080800207845,0.0257595715527511,2.150109890109877,1.7644827586206775,4.73,2.965517241379323,2.9000000000000004
-0.001039771344002,-0.0162521312229291,-0.0142029501779936,0.0333187880146743,1.011703511053316,0.0251441807700806,2.687260273972597,2.150109890109877,4.76,2.609890109890123,2.62
-0.000260111849561,-0.0337627976862813,-0.0075159094245687,-0.019323028109448,1.0005202913631634,0.0183713649118503,2.852597402597424,2.687260273972597,5.29,2.602739726027403,2.47
-0.0175834473777265,-0.0188833305712896,-0.0299931205934389,-0.0155001132908725,1.011914217633042,0.009784333050491,2.659186602870821,2.852597402597424,5.45,2.597402597402576,2.35
0.0015873019205727,-0.0162562573067148,-0.0325083885296439,-0.0110411216276067,1.004846241959644,0.0105753527925219,3.057014314928405,2.659186602870821,5.53,2.8708133971291794,1.7400000000000002
0.0414245092445977,0.0254283637874439,-0.0083344338988373,0.0,0.9724406120551188,0.0301011064602222,3.1927804214819817,3.057014314928405,5.92,2.862985685071595,1.25
-0.0148188710758794,0.028192940089291,0.0093096095180014,0.0279282147402928,0.9962247962247964,0.0289237025915908,2.9249999999999776,3.1927804214819817,5.98,2.7872195785180187,1.09
-0.0023192897910906,0.0242863483776276,0.0080300910709127,-0.0061728591070808,1.006535947712418,0.0295326861749363,2.8913559322033944,2.9249999999999776,6.05,3.125000000000022,1.08
-0.0051733172802208,-0.0223114781471909,0.003116885640253,-0.0043990237843156,1.0042358229598891,0.0065500854094785,2.9574036511156256,2.8913559322033944,6.01,3.1186440677966054,0.2000000000000001
0.0072351736807791,-0.0002574333905323,0.0279355066987587,-0.0020576138946801,0.996910401647786,0.0064987677431099,3.0198113207547284,2.9574036511156256,6.0,3.0425963488843744,0.3600000000000003
-0.0038694747107026,-0.0018076183101443,0.0224787300674833,-0.0100296584621606,1.000172309813044,0.0068188937186056,3.1225503355704616,3.0198113207547284,5.85,2.8301886792452717,0.7599999999999998
-0.0010343936789904,0.002331305291086,-0.0199801728561048,-0.0283146067549422,1.0019836136265634,0.0057697002330085,3.2547890154052297,3.1225503355704616,5.74,2.617449664429538,0.4199999999999999
-0.0057083704566784,-0.0106122388463716,-0.0108696722369039,-0.0015600627189025,1.0041634139994795,0.0023546153592252,3.015689424364133,3.2547890154052297,5.8,2.54521098459477,0.3900000000000005
0.0111270393725417,0.0043842752368727,0.0025766569267284,0.0106067479976412,0.9945102075827756,0.0086907761151614,3.196528704939933,3.015689424364133,5.76,2.7443105756358666,0.1800000000000006
-0.0012874985684794,0.0041311703473838,0.0064624756384699,0.0095793612787229,0.9971656789487244,0.0087282671500783,3.068354430379733,3.196528704939933,5.8,2.603471295060067,0.1100000000000003
0.0512288759251973,0.0610684167292596,0.050456177882888,0.0783916845816468,0.9671154630762951,0.0274476703235604,2.7693023255814038,3.068354430379733,5.6,2.5316455696202667,0.04
-0.0180318582122773,0.0319095191444405,0.0362937943813133,0.0587725244487966,0.9951811232967764,0.0361372210310989,2.5029688535453927,2.7693023255814038,5.56,2.7906976744185963,0.4100000000000001
-0.0070035303773372,0.0261934873355826,0.0303246576829665,0.0103444848268616,1.010793172690763,0.0372148860266973,2.466084656084651,2.5029688535453927,5.22,2.717031146454607,0.6800000000000006
-0.0123754578529853,-0.0374108464425999,0.0236575702866597,0.0127878980497557,1.0106734434561626,0.0055147753756495,2.3873254281949947,2.466084656084651,5.31,2.8439153439153486,1.09
0.0022845548710224,-0.0170944333593001,0.0148150857851403,0.0173917427118688,1.0026200135226506,0.0074166715968437,2.4129125575279358,2.3873254281949947,5.22,2.832674571805005,1.4399999999999995
-0.0329926831543487,-0.0430835861363116,-0.016890098800729,-0.010427623162259,1.0215758211041228,0.0177222528425612,2.4484776902887333,2.4129125575279358,5.24,2.827087442472065,1.6000000000000003
0.0296910928536831,-0.0010170354296432,-0.0384278818722432,0.0120282960106448,0.9913508013228184,0.0314241351552139,2.5166448230668337,2.4484776902887333,5.27,2.8215223097112663,1.34
-0.0045895032114477,-0.0078910935121134,-0.0249855268714136,0.0113082675098996,0.9932702955958772,0.0313877780674651,2.4077043819489914,2.5166448230668337,5.4,2.8833551769331667,1.4300000000000006
-0.027988351914626,-0.0028867622723907,-0.0459703484087024,-0.0156456907257358,1.0204993429697764,0.0290102962641295,2.295427824951008,2.4077043819489914,5.22,2.8122956180510084,1.62
-0.0036861547794515,-0.0362640099055253,-0.0372810453351686,-0.0136234750485089,1.0119581464872944,0.0137775115352324,2.17811074918568,2.295427824951008,5.3,3.004572175048992,1.41
-0.0162216028784736,-0.0478961095725511,-0.0557872030846646,-0.0409721172995243,1.0121537086684538,0.0121531246155055,2.056909564085892,2.17811074918568,5.24,3.0618892508143203,1.0700000000000005
-0.0102399170151183,-0.0301476746730435,-0.0330344369454342,-0.0499245357461632,1.0123690863127484,0.0062698993114307,1.911182586094867,2.056909564085892,5.31,3.253090435914108,0.79
-0.0648997275709728,-0.0913612474645648,-0.1276252573700902,-0.1660531392423334,1.0483622350674373,0.0299806473116362,2.2118616677440093,1.911182586094867,5.29,3.378817413905133,1.29
0.0537325136038671,-0.0214071309822241,-0.0693032405547753,-0.0942887674261889,0.9863051218844152,0.0593770093210443,2.157741935483876,2.2118616677440093,5.25,3.0381383322559907,1.2799999999999994
-0.0308743755278171,-0.0420415894949228,-0.0721892641679664,-0.1181596125766688,1.0029190207156309,0.0610869038288448,2.62472668810289,2.157741935483876,5.19,3.032258064516125,1.1900000000000004
-0.03682809751625,-0.0139699594402,-0.1053312069047649,-0.1426122522399335,1.035853849159828,0.0506540501515029,3.0756630365150377,2.62472668810289,5.39,2.7652733118971096,1.3900000000000006
0.0182958493873224,-0.0494066236567447,-0.0708137546389688,-0.1266009577236335,1.000191846522782,0.0302539455992903,3.262148337595911,3.0756630365150377,5.51,2.434336963484962,1.1900000000000004
-0.0357390115326636,-0.0542712596615913,-0.0963128491565141,-0.1293472861019484,1.017993836365444,0.0315161382605532,3.3264326738991725,3.262148337595911,5.5,2.237851662404089,1.1000000000000003
-0.0201844478690151,-0.0376276100143564,-0.0515975694545565,-0.1792228268246467,1.0259687563400284,0.027816194091287,3.354394904458599,3.3264326738991725,5.56,2.233567326100827,0.9300000000000006
-0.0036585406661333,-0.0595820000678122,-0.1089886237245569,-0.1782918642793323,1.0092649154958255,0.0160426861355527,3.2499236641221225,3.354394904458599,5.52,2.165605095541401,0.6600000000000001
0.0286034854754726,0.004760496940324,-0.0495107627212672,-0.1217000268892336,0.9823884436529138,0.0248133243092839,3.32059606848446,3.2499236641221225,5.54,2.290076335877877,0.7699999999999996
-0.0764625011357735,-0.0515175563264342,-0.0891451663407907,-0.1944763732455556,1.0428281533696466,0.0538208703841134,3.414032869785084,3.32059606848446,5.54,2.21940393151554,0.54
-0.0499282675070196,-0.0977872831673205,-0.1573692832351327,-0.2281830378741016,1.061973728528124,0.0546354026301675,3.6296408317580378,3.414032869785084,5.5,2.0859671302149163,0.3900000000000005
-0.0238593458421041,-0.1502501144848973,-0.1454896175445732,-0.2418024667010874,1.0335747959066346,0.0263019206456067,3.8029541169075927,3.6296408317580378,5.52,1.8903591682419616,0.3600000000000003
0.0494634045334518,-0.0243242088156718,-0.0758417651421061,-0.1274393345966626,0.9754869774567736,0.0515339998939346,3.928883312421595,3.8029541169075927,5.5,1.6970458830924071,0.1100000000000003
-0.01488368801474,0.0107203706766076,-0.0870669124907128,-0.1960555362152698,0.9936687770743085,0.0399944506056271,4.069799624295552,3.928883312421595,5.56,1.6311166875784044,0.0600000000000005
0.0106066622482137,0.0451863787669255,-0.1050637357179717,-0.1545744984392389,0.9979118584459832,0.032404096183855,4.113279098873607,4.069799624295552,5.51,1.440200375704448,0.2299999999999995
0.0150526402359192,0.0107756144693929,-0.0135485943462789,-0.1026937606870697,0.9865757280502332,0.0161539903528846,4.01160100062541,4.113279098873607,5.49,1.3767209011263937,0.1699999999999999
-0.0424607729815607,-0.0168014704974277,-0.00608109982082,-0.1634503830559528,1.023720772619451,0.0319992502569934,3.801444652908065,4.01160100062541,5.45,1.4383989993745905,0.1799999999999997
0.010114718735132,-0.0172934140105094,0.0278929647564161,-0.1175966527881571,1.0076037124007602,0.0318756910981933,3.9370287141073614,3.801444652908065,5.49,1.6885553470919357,-0.0299999999999993
-0.0258254243920599,-0.0581714786384885,-0.0473958641690956,-0.1232376293112018,1.0139988525530697,0.0268719526642847,3.79436408977557,3.9370287141073614,5.56,1.6229712858926382,-0.0999999999999996
-0.0407502816585227,-0.0564609873154506,-0.0732624578128784,-0.1603293703035913,1.0368112824190272,0.0261460434147435,3.933084577114421,3.79436408977557,5.54,1.74563591022443,-0.0899999999999998
0.0695902787572433,0.0030145727066606,-0.0142788413038488,-0.1193425770218206,0.9681159420289854,0.0598636604359796,4.08320099255582,3.933084577114421,5.55,1.6169154228855789,-0.4599999999999999
-0.017884735186112,0.0109552619126085,-0.04721621672588,-0.060764811072159,0.989218022925888,0.0582376604279647,3.5839318885448925,4.08320099255582,5.51,1.4267990074441794,-0.7400000000000002
0.0047554437443193,0.0564609873154506,0.0,-0.00608109982082,1.0028239015023157,0.0454019302040954,3.3457699443413693,3.5839318885448925,5.07,1.4860681114551078,-0.0600000000000005
-0.020195791664284,-0.0333250831060767,-0.0303105103994161,-0.002417545643,1.011987090825265,0.0137869674721146,3.0730778739184217,3.3457699443413693,4.83,1.4842300556586308,-0.0099999999999997
-0.0034638067191878,-0.0189041546391526,-0.007948892726544,-0.0553447568956397,1.0091371732593106,0.0127153420900397,2.963333333333339,3.0730778739184217,4.68,1.606922126081578,0.0600000000000005
0.0003469210789348,-0.0233126773045371,0.0331483100109135,-0.0401141478019648,1.0009249624234016,0.0109276714003549,3.093333333333339,2.963333333333339,4.63,1.6666666666666607,-0.0099999999999997
-0.02244920652429,-0.025566092164543,-0.0588911752706198,-0.0731700165744686,1.0150171455598913,0.0122108591413105,3.0816049382716058,3.093333333333339,4.76,1.6666666666666607,0.5900000000000007
0.0207133963332011,-0.001388889112154,-0.0202930437513066,-0.0675092604771867,0.9937456567060458,0.0215926956531553,2.458865598027116,3.0816049382716058,4.81,1.728395061728394,0.5299999999999994
-0.0564637281572704,-0.0581995383483593,-0.0815122156528964,-0.0815122156528964,1.0314950980392157,0.0386788195958542,2.648979089790904,2.458865598027116,4.74,2.281134401972884,0.6399999999999997
-0.0313692636676452,-0.0671195954917145,-0.0926856876562576,-0.1229961980556737,1.0412240768841678,0.0393671694126858,2.79439803439804,2.648979089790904,4.74,2.091020910209096,1.0200000000000005
-0.0183772400016066,-0.1062102318265223,-0.1075991209386764,-0.1155480136652205,1.0231839258114372,0.019361066632943,2.845392156862742,2.79439803439804,4.76,1.96560196560196,0.8599999999999994
-0.0058128433390467,-0.0555593470082986,-0.113758885356658,-0.0806105753457444,1.0101049358725225,0.012778806428648,2.80561811505509,2.845392156862742,4.99,2.1446078431372584,0.8499999999999996
0.1518716982678052,0.1276816149271518,0.0605620194354372,0.0016708441648174,0.9077351140790209,0.0948744606546982,2.5900305810397457,2.80561811505509,5.07,2.2643818849449104,0.7700000000000005
0.0026675574337806,0.1487264123625391,0.0425161805360168,0.0222231367847101,0.9513819513819513,0.0886925471324492,2.63746186699207,2.5900305810397457,5.22,2.629969418960254,0.7999999999999998
-0.0246093659722173,0.1299298897293686,0.0743705427210699,-0.0071416729318265,1.0156996587030716,0.0950012914191233,2.79964655697744,2.63746186699207,5.2,2.56253813300793,0.6399999999999997
-0.0116719485055059,-0.0336137570439425,0.0940678578832092,0.0013821702269516,1.016229281767956,0.013644466227422,2.6236009732360017,2.79964655697744,5.42,2.620353443022561,0.91
-0.0118097933892107,-0.0480911078669339,0.1006353044956052,-0.0069638164430712,1.0118798043326345,0.007429948746208,2.657043108682445,2.6236009732360017,5.3,2.676399026763998,1.13
0.0275689410449864,0.0040871991502697,0.1340170888796383,0.0202582035229803,0.9857239972807614,0.0226956351881627,2.512027929568915,2.657043108682445,5.45,2.792956891317555,0.8899999999999997
-0.0444826634870483,-0.0287235158312726,-0.0623372728752151,-0.0017752534397779,1.0208481402511254,0.0360777745103316,2.0878640776698987,2.512027929568915,5.73,3.217972070431085,0.54
-0.0240975515790604,-0.0410112740211223,-0.0891023818880563,-0.0465862013520395,1.0317922582210897,0.037140303721637,3.0061362266425604,2.0878640776698987,5.85,3.762135922330101,-0.0199999999999995
0.0003639672469657,-0.068216247819143,-0.0641290486688732,0.0102414940521966,1.007884522076662,0.0224541717689249,3.137469879518086,3.0061362266425604,6.02,3.013863773357439,0.0200000000000004
0.0589964454423528,0.0352628611102581,0.0065393452789854,0.1006072031621947,0.96169239565466,0.0427019627644197,2.7950602409638625,3.137469879518086,6.27,3.1325301204819134,-0.33
-0.0288866439709822,0.0304737687183362,-0.010537505302786,0.0900977991928191,0.9998822975517891,0.0447526594382733,2.940719856028805,2.7950602409638625,6.53,3.7349397590361377,-0.54
-0.0038917438116139,0.0262180576597566,-0.0419981901593864,0.0920188987202519,1.0124069478908186,0.0452826434491404,3.1487133453022285,2.940719856028805,6.54,3.5992801439711952,-0.5
-0.0186051878310347,-0.0513835756136309,-0.0161207145033728,-0.078457987378588,1.0138437462381125,0.0125627678030969,3.0635041716329097,3.1487133453022285,6.5,3.3512866546977715,-0.8399999999999999
-0.038657491510682,-0.0611544231533307,-0.0306806544349944,-0.1197830363230507,1.032782782782783,0.0174510626746567,3.0596728138013125,3.0635041716329097,6.52,3.45649582836709,-0.6799999999999997
0.0255711542677885,-0.0316915250739282,-0.0054734674141716,-0.0696025160830449,0.9959751189169412,0.0328607238270588,3.0658194774346788,3.0596728138013125,6.51,3.4503271861986877,-0.7699999999999996
0.0010970928143732,-0.0119892444285203,-0.0633728200421512,-0.0568334747631658,0.9908625730994152,0.0324158541391395,2.963981042654046,3.0658194774346788,6.51,3.444180522565321,-0.8800000000000008
-0.0206802052375389,0.0059880418446227,-0.0551663813087079,-0.065703886611494,1.013557213930348,0.023138779320146,2.258795038393406,2.963981042654046,6.4,3.4360189573459543,-1.0600000000000005
-0.0007465472537844,-0.0203296596769502,-0.0520211847508784,-0.0940193749102649,1.0074682598954443,0.0120761503230964,1.960588235294108,2.258795038393406,5.98,3.7212049616065945,-0.3900000000000005
-0.0326404687789527,-0.0540672212702761,-0.0660564656987965,-0.0821771802021693,1.0223765432098766,0.0161122151117666,2.327543859649136,1.960588235294108,5.49,3.529411764705892,-0.4399999999999995
0.0198631434994118,-0.0135238725333253,-0.0075358306887025,-0.038216485123697,0.997730711043873,0.0264531374493112,1.5817437097717946,2.327543859649136,5.31,2.9824561403508643,0.1800000000000006
0.0094109484329472,-0.0033663768465936,-0.0236960365235439,-0.0291695039377155,0.9872611464968152,0.0277914836281238,0.6469158878504606,1.5817437097717946,4.8,3.2182562902282053,1.09
0.0163511632544075,0.0456252551867666,-0.0084419660835095,-0.0718147861256608,0.9861162304951466,0.0053189749751377,0.7760394889663114,0.6469158878504606,4.21,3.56308411214954,1.4199999999999997
-0.0077706218943132,0.0179914897930415,0.0044676172597162,-0.0506987640489917,0.9997523526498268,0.0124179537997728,1.0485176606832505,0.7760394889663114,3.97,3.193960511033689,1.6
0.0267562231918168,0.0353367645519111,0.0319703877053174,-0.020050797045561,0.9849306811332128,0.0177117137447878,0.92851766068325,1.0485176606832505,3.77,2.7214823393167498,1.4600000000000004
0.0613689463762918,0.0803545476737954,0.1259798028605621,0.0599233371617655,0.9520408163265308,0.0345697930243839,0.4778341013824954,0.92851766068325,3.65,2.7214823393167498,1.9200000000000004
-0.0470060423759304,0.0411191271921782,0.0591106169852198,0.0515747862965172,1.0112893642305407,0.0553534862120661,0.3623404255319231,0.4778341013824954,3.07,2.5921658986175045,2.06
-0.020166329791551,-0.0058034257911896,0.0295333387607215,0.0058373022371775,1.0299502849521036,0.0564409863167168,0.1956257175660027,0.3623404255319231,2.49,2.127659574468077,2.1500000000000004
0.0148043866501654,-0.052367985517316,0.0279865621564794,0.0195445960729698,0.9968936678614098,0.0309942207420705,0.2163344788086891,0.1956257175660027,2.09,1.894374282433997,2.93
0.0138816964861558,0.0085197533447702,0.0496388805369485,0.0541064977966647,0.9859785554377284,0.0199293354086935,0.5341002277904257,0.2163344788086891,1.82,1.603665521191311,3.47
0.0489753041610407,0.0776613872973621,0.0718579615061725,0.1038283492114899,0.9637607988331648,0.0200002677495104,0.6036363636363535,0.5341002277904257,1.73,1.1958997722095743,3.28
0.0219715895831411,0.0848285902303378,0.0324606047130218,0.1584404075735839,0.9699264625178357,0.0183766530819414,0.3671379897785338,0.6036363636363535,1.74,1.1363636363636465,3.2500000000000004
0.0179479446615635,0.0888948384057455,0.0974145917505158,0.1565252087357356,0.9810263044415696,0.0168724991083593,0.1060090702947809,0.3671379897785338,1.73,1.362862010221466,3.69
0.0574997383620394,0.0974192726067442,0.1750806599041063,0.2046139986648278,0.9571501272264634,0.0217668840942519,0.5091652566272016,0.1060090702947809,1.75,1.643990929705219,3.33
-0.0424135912273984,0.0330340917962046,0.1178626820265424,0.1458492441830219,1.0094509928852071,0.0503165526598805,0.6807822172200257,0.5091652566272016,1.75,1.2408347433727984,3.31
-0.028107164437606,-0.013021017302965,0.0758738211027805,0.125512701639729,1.0338575797291392,0.0540306843131557,0.264385569334848,0.6807822172200257,1.75,1.0692177827799745,3.12
0.028107164437606,-0.0424135912273984,0.0550056813793458,0.1268636428855183,0.9907613889773814,0.0372780131756543,-0.007463359639223,0.264385569334848,1.73,1.465614430665152,2.7299999999999995
0.0353659138257476,0.0353659138257476,0.0684000056219522,0.100860610334974,0.967917179171792,0.0347408786057488,0.2339977540707289,-0.007463359639223,1.74,1.747463359639223,2.23
-0.0211319237034275,0.0423411545599261,0.0293201372569611,0.1267347290074769,1.0024078726968175,0.0307386371664758,-0.2770270270270174,0.2339977540707289,1.75,1.516002245929271,1.97
-0.0050377940299575,0.0091961960923625,-0.0332173951350358,0.1418632647690705,1.0105218855218856,0.0291075198299592,-0.9135211267605604,-0.2770270270270174,1.75,2.027027027027017,2.67
0.094506367393818,0.0683366496604329,0.1037025634861805,0.221565245512723,0.9414129810453764,0.0626368840372834,-1.2402705749718212,-0.9135211267605604,1.34,2.2535211267605604,2.9799999999999995
0.0582905827018644,0.1477591560657249,0.1901003106256511,0.2659741317284316,0.9338932538607424,0.05038370509385,-1.5174563871693991,-1.2402705749718212,1.24,2.480270574971821,2.83
-0.0522776798325121,0.1005192702631703,0.1097154663555328,0.1647211477348786,1.0158911409268248,0.0764662019684366,-1.886067415730336,-1.5174563871693991,1.24,2.757456387169399,2.75
-0.0390037797909337,-0.0329908769215814,0.0353457727388515,0.1037457783608037,1.045117245473434,0.0603707021590561,-1.775210084033625,-1.886067415730336,1.26,3.146067415730336,2.43
0.0073932023876186,-0.0838882572358272,0.0638708988298977,0.0931910360868588,1.0082498526812025,0.0313302052406288,-0.915125488008911,-1.775210084033625,1.25,3.025210084033625,2.58
0.0743604867798692,0.0427499093765542,0.1432691796397245,0.1100517845046886,0.9499452954048138,0.0569923299946078,-0.6341504178273005,-0.915125488008911,1.26,2.175125488008911,2.62
-0.0542343881716189,0.0275193009958689,-0.0054715759257124,0.0982309875604681,1.0119357012224468,0.0643159116662932,-0.7287750556792971,-0.6341504178273005,1.26,1.8941504178273003,2.21
0.0270633238233584,0.0471894224316087,-0.0366988348042185,0.1534014758214326,1.0002810567734683,0.0650422701827332,-1.0455555555555438,-0.7287750556792971,1.22,1.948775055679297,2.55
0.0573457674704735,0.030174703122213,0.0729246124987672,0.1826400788543001,0.954440905874027,0.0577010622403272,-1.1860664819944609,-1.0455555555555438,1.01,2.055555555555544,3.41
0.0243818605679826,0.1087909518618146,0.1363102528576836,0.1716560255965351,0.9658119658119658,0.0183068101932352,-1.368318584070782,-1.1860664819944609,1.03,2.216066481994461,3.6000000000000005
-0.0038925701155116,0.0778350579229445,0.1250244803545532,0.1888953791844509,0.9945397815912635,0.0306490798639671,-1.031942604856528,-1.368318584070782,1.01,2.378318584070782,2.95
0.0312285422560387,0.0517178327085097,0.0818925358307227,0.2251617154704472,0.9807627688172044,0.0186181498133249,-0.9283746556473912,-1.031942604856528,1.01,2.041942604856528,3.4000000000000004
0.0474932405781776,0.0748292127187046,0.1836201645805193,0.1781485886548068,0.9593046543298884,0.0262632013990838,-1.0552035203520247,-0.9283746556473912,1.0,1.9283746556473915,3.4200000000000004
-0.0322372237915939,0.0464845590426223,0.1243196169655669,0.0876207821613483,1.0058740795896417,0.0421295439095151,-1.0262869660460092,-1.0552035203520247,0.98,2.0352035203520247,3.38
-0.0152560167865836,0.0,0.0517178327085097,0.1246424452072769,1.021337365591398,0.0419975746121042,-0.6784531590413809,-1.0262869660460092,1.0,2.026286966046009,3.17
0.0763915092106075,0.0288982686324299,0.1037274813511346,0.2400377342088182,0.9557163981632812,0.0584349097235784,-0.7400761283306032,-0.6784531590413809,1.01,1.688453159041381,3.0
-0.1001080358279238,-0.0389725434038998,0.0075120156387225,0.1325364959932757,1.0430967741935484,0.0882715729586885,-1.2925764192139877,-0.7400761283306032,1.0,1.7400761283306032,2.91
0.0189167194992019,-0.0047998071181143,-0.0047998071181143,0.0770927287126084,1.0219464843420274,0.0900206765432819,-1.8977583378895444,-1.2925764192139877,1.0,2.2925764192139875,3.53
-0.0048229564233421,-0.086014272752064,-0.0571160041196341,0.1265041604608852,0.9969465648854962,0.0629943263989267,-2.137667941015839,-1.8977583378895444,1.0,2.8977583378895444,3.68
0.0017795860804303,0.0158733491562901,-0.0230991942476097,0.1012204227179571,1.0004233341800015,0.0122532112949655,-1.679575394665228,-2.137667941015839,1.03,3.1676679410158397,3.3100000000000005
0.0464045541931135,0.0433611838502017,0.0385613767320873,0.090279209440597,0.9692046556741029,0.0278664648832346,-1.1174254742547276,-1.679575394665228,1.26,2.939575394665228,3.0500000000000007
0.0192128868599907,0.0673970271335346,-0.0186172456185294,0.0851102357326052,0.9724865207738662,0.0224896069607123,-0.9291680172879516,-1.1174254742547276,1.43,2.5474254742547275,2.52
0.0211822464418847,0.086799687494989,0.1026730366512791,0.1101850522900016,0.9798167986337528,0.0151626182755256,-1.4309140075716549,-0.9291680172879516,1.61,2.539168017287952,2.45
0.0539446437091704,0.0943397770110459,0.1377009608612476,0.1329011537431332,0.958370108855546,0.0195087501124192,-1.691621621621607,-1.4309140075716549,1.76,3.1909140075716547,2.1800000000000006
-0.0332017935200452,0.0419250966310098,0.1093221237645445,0.0522061196449104,1.0044099756690998,0.0440179887451823,-1.182318059299187,-1.691621621621607,1.93,3.621621621621607,2.22
-0.0331624591532606,-0.0124196089641355,0.0743800785308534,0.0512808842832437,1.0341114517016423,0.0503026679842867,-0.5648738593666036,-1.182318059299187,2.16,3.3423180592991875,1.9500000000000008
0.0313359746272263,-0.0350282780460795,0.0593114989649663,0.0978728756970537,0.9903260207190738,0.0372495481510836,-0.5530262453133394,-0.5648738593666036,2.28,2.8448738593666034,1.6500000000000004
-0.0149651693546823,-0.0167916538807166,0.0251334427502931,0.0065161971317637,0.9996133920977344,0.0332540354698565,-0.5768412613575737,-0.5530262453133394,2.5,3.0530262453133394,1.75
0.0115314930956316,0.0279022983681755,0.01548268940404,0.1181557260553192,0.9973247726056714,0.0232310372267171,-0.5717929562433257,-0.5768412613575737,2.63,3.2068412613575736,1.67
-0.0402393468957313,-0.0436730231547821,-0.0787013012008617,0.0589996596603858,1.0233946049176414,0.0258878254680772,0.1307120085015851,-0.5717929562433257,2.79,3.3617929562433257,1.21
0.0425297739162795,0.0138219201161797,-0.0029697337645369,0.1063523900000076,0.985358041638069,0.0418167443480886,0.498973001588145,0.1307120085015851,3.0,2.869287991498415,0.8700000000000001
-0.0029785793587495,-0.0006881523382014,0.0272141460299741,0.1015942245608276,0.9880679210647084,0.0414529901921908,0.1928397673188788,0.498973001588145,3.04,2.541026998411855,0.7999999999999998
0.0052637723093336,0.0448149668668635,0.0011419437120814,0.0604534426770477,0.9974891577265464,0.0242476853005059,-0.1469344608879517,0.1928397673188788,3.26,3.067160232681121,0.8200000000000003
0.0751671820822186,0.0774523750328026,0.0912742951489824,0.1164077378992756,0.9501023360858212,0.0429363542352419,-1.1218335089568052,-0.1469344608879517,3.5,3.646934460887952,0.3999999999999994
-0.0114992749251801,0.0689316794663721,0.0682435271281707,0.0837262165322108,0.9832940672520882,0.0459683971526051,-0.5701048218029361,-1.1218335089568052,3.62,4.741833508956805,0.6099999999999999
0.0658896105751853,0.1295575177322239,0.1743724845990875,0.0956711833982257,0.9610988570282736,0.0475853403586164,0.6614501825769468,-0.5701048218029361,3.78,4.350104821802936,0.5800000000000001
0.0412470094623191,0.0956373451123244,0.1730897201451271,0.1701199863805902,0.9526649990379064,0.0395357810623987,0.8214501825769469,0.6614501825769468,4.0,3.338549817423053,0.3599999999999994
0.1019875061475414,0.209124126185046,0.2780558056514182,0.3052699516813923,0.923197219808862,0.0305497512044648,0.2712108559498833,0.8214501825769469,4.16,3.338549817423053,0.08
-0.0203622973488011,0.1228722182610595,0.2524297359932834,0.2535716797053648,0.980729443754803,0.0611754158668714,0.8517463617463701,0.2712108559498833,4.29,4.018789144050117,0.08
0.039636685118678,0.1212618939174183,0.2168992390297428,0.3081735341787253,0.9806829157434234,0.0611786689346594,1.172081822889698,0.8517463617463701,4.49,3.63825363825363,0.0
0.1093579694181401,0.128632357188017,0.3377564833730631,0.4060000105012338,0.919327731092437,0.0649208274125566,1.1761641713990691,1.172081822889698,4.59,3.4179181771103018,0.0899999999999998
-0.0084388686458645,0.1405557858909536,0.2634280041520132,0.4378004887511006,0.9708269131997946,0.0592289504268693,0.9627272727272712,1.1761641713990691,4.79,3.613835828600931,0.1999999999999993
-0.0521857531705705,0.0487333476017051,0.1699952415191234,0.3430849616642506,1.0386904761904765,0.083552637372411,0.8082756840474827,0.9627272727272712,4.94,3.977272727272729,0.1200000000000001
0.0487901641694321,-0.0118344576470028,0.1167978995410141,0.3948537051924323,0.9852607709750568,0.0506377461077659,1.1353309389430466,0.8082756840474827,4.99,4.1817243159525175,-0.0899999999999998
-0.0196727655987047,-0.0230683545998431,0.1174874312911105,0.3699171672843939,0.9970566593083148,0.0515435139727271,1.323431922488517,1.1353309389430466,5.24,4.104669061056954,-0.2599999999999998
-0.048459093151675,-0.0193416945809477,0.0293916530207574,0.2462908920505002,1.040052962595167,0.0499553858556658,3.237927565392363,1.323431922488517,5.25,3.926568077511483,-0.5199999999999996
0.004293978521805,-0.0638378802285748,-0.0756723378755777,0.2620841454974854,1.0136233794770382,0.026413203922509,3.843671521848303,3.237927565392363,5.25,2.012072434607637,-0.6299999999999999
0.073224730718211,0.0290596160883409,0.0059912614884978,0.269419265640511,0.9516005513861236,0.0610208818915667,3.281297324583533,3.843671521848303,5.25,1.4063284781516971,-0.6799999999999997
-0.0230856948477979,0.054433014392218,0.0350913198112703,0.2050865613303938,0.9914838035527688,0.0496265943234981,2.716022211004554,3.281297324583533,5.25,1.9687026754164672,-0.8100000000000005
0.0307146607471624,0.0808536966175754,0.0170158163890006,0.1338137159300148,0.9873841009271924,0.0482653816307877,3.174234821876577,2.716022211004554,5.24,2.5239777889954462,-0.5700000000000003
0.0219491673840419,0.0295781332834064,0.0586377493717473,0.1761251806628578,0.9756629491945475,0.0288659284517346,2.839739217652972,3.174234821876577,5.25,2.075765178123423,-0.4199999999999999
-0.0052180513477657,0.0474457767834386,0.1018787911756566,0.1312704441964141,0.9962132536123568,0.018735222825905,2.4618027040560726,2.839739217652972,5.26,2.420260782347028,-0.7000000000000002
0.0214425960357758,0.038173712072052,0.1190274086896274,0.0433550708140497,0.9875640087783468,0.0155408306677517,2.6570752366716475,2.4618027040560726,5.26,2.798197295943927,-0.5999999999999996
-0.02488648653999,-0.0086619418519799,0.0209161914314264,0.0269074529199242,1.0095495225238738,0.0232523165660703,2.540114257327387,2.6570752366716475,5.25,2.5929247633283525,-0.6100000000000003
-0.0239841490456726,-0.0274280395498869,0.0200177372335517,0.055109057044822,1.0247861934757003,0.0264914680414933,2.557234886025773,2.540114257327387,5.25,2.709885742672613,-0.2999999999999998
0.0427068356189144,-0.0061637999667483,0.0320099121053036,0.0490257284943043,0.9798812503066884,0.0387671657655534,2.942109413504192,2.557234886025773,5.25,2.692765113974227,-0.2599999999999998
0.003820163329351,0.0225428499025928,0.0138809080506128,0.0725186574223601,0.9835753042968178,0.033498608189834,3.1225515210991235,2.942109413504192,5.26,2.317890586495808,-0.2599999999999998
0.095190187003749,0.1417171859520145,0.1142891464021276,0.2161679375777843,0.9383111111111112,0.0458533108230294,2.106173570019732,3.1225515210991235,5.02,1.897448478900876,-0.3800000000000008
0.0586461954327335,0.1576565457658336,0.1514927457990853,0.2705201544887128,0.9334842197912736,0.0459888362221451,1.1493016344725238,2.106173570019732,4.94,2.8338264299802685,-0.2000000000000001
-0.0078263464361003,0.1460100360003822,0.168552885902975,0.1894690773344014,0.9861023106492628,0.0522278155526504,0.1167326732673341,1.1493016344725238,4.76,3.610698365527476,-0.1299999999999999
0.0601250449550936,0.1109448939517268,0.2526620799037413,0.272679817137293,0.9635640413683372,0.0388118912414159,0.1311866075824683,0.1167326732673341,4.49,4.373267326732666,-0.3500000000000001
0.1020136323041178,0.1543123308231111,0.3119688765889448,0.3439787886942484,0.9177801724137932,0.0554329418783749,-0.354695655165981,0.1311866075824683,4.24,4.108813392417532,-0.0299999999999998
0.0494057382116461,0.2115444154708576,0.3575544514712399,0.3714353595218527,0.937094017094017,0.0278003231635946,-1.1629592706119678,-0.354695655165981,3.94,4.294695655165981,0.6400000000000001
-0.0564346938879691,0.0949846766277948,0.2059295705795216,0.3202187169816493,1.021703743895822,0.0807007431408907,-1.3649035501344344,-1.1629592706119678,2.98,4.142959270611968,0.9300000000000002
-0.0631576699235489,-0.0701866255998719,0.0841257052232391,0.2356184510223244,1.064077370631526,0.0631373058299909,-1.6237609759888127,-1.3649035501344344,2.61,3.9749035501344334,1.29
0.0300603301168664,-0.0895320336946516,0.1220123817762059,0.290565267679181,1.0013460459899046,0.0519874714328799,-2.108413823123993,-1.6237609759888127,2.28,3.903760975988813,1.7999999999999998
0.0404495191026916,0.0073521792960091,0.102336855923804,0.3549989358275454,0.9640920679378076,0.0570554998769288,-2.9359661059478643,-2.108413823123993,1.98,4.088413823123993,1.98
-0.0060508018213769,0.0644590473981812,-0.0057275782016907,0.306241298387254,0.9907517791987284,0.0244070650416564,-3.4875120783418376,-2.9359661059478643,2.0,4.935966105947864,2.0
-0.099632937456136,-0.0652342201748212,-0.1547662538694729,0.2027881976017669,1.0720785440613028,0.0713477289892721,-3.308017162091238,-3.4875120783418376,2.01,5.497512078341837,1.97
0.0531593682800961,-0.0525243709974168,-0.0451721917014076,0.160757378878114,0.9985997577959428,0.0770378143571953,-3.143319875136075,-3.308017162091238,2.0,5.308017162091239,1.93
-0.2040825036164877,-0.2505560727925275,-0.1860970253943463,-0.1019713201711072,1.129768866610972,0.1293757970797593,-2.761057889956513,-3.143319875136075,1.81,4.953319875136075,2.8
0.1313360020610869,-0.0195871332753045,-0.0848213534501258,0.0371910283260801,0.984126984126984,0.1754947960658487,-0.7099174706166848,-2.761057889956513,0.97,3.7310578899565128,3.57
0.0767122877286201,0.0039657861732194,-0.0485585848241973,0.0537782710996066,0.912774699385578,0.179969922933896,0.182228002553859,-0.7099174706166848,0.39,1.0999174706166848,2.56
0.0486663028185923,0.2567145926082994,0.0061585198157718,0.000430941614081,0.9448872612379722,0.0420408662491887,0.2635860190221272,0.182228002553859,0.16,-0.022228002553859,2.31
0.0150732449218837,0.1404518354690962,0.1208647021937916,-0.0339015516756813,0.9744297082228116,0.0308610931070063,0.2115368593284892,0.2635860190221272,0.15,-0.1135860190221271,2.54
-0.0187421818097406,0.0449973659307354,0.0489631521039548,0.0037909604025472,1.0075315315315316,0.0337043034437783,0.6264787676623838,0.2115368593284892,0.22,0.0084631406715107,2.73
-0.0372248683394054,-0.0408938052272622,0.2158207873810371,0.0297237619866908,1.0318297426690604,0.0265210150543753,0.7263244243767063,0.6264787676623838,0.18,-0.4464787676623838,2.53
0.0952897780946608,0.0393227279455148,0.179774563414611,0.0949532099644852,0.950899384542147,0.0717693401350681,1.195761495855172,0.7263244243767063,0.15,-0.5763244243767063,3.03
-0.0554736753103202,0.0025912344449352,0.0475886003756707,-0.0009699844485266,1.0060024441089783,0.0822828144855729,1.4391746182109153,1.195761495855172,0.18,-1.015761495855172,3.5
0.0301637141866977,0.0699798169710383,0.0290860117437761,0.0352445315595479,0.9986398828206738,0.0756139157856145,2.1187610037622773,1.4391746182109153,0.21,-1.2291746182109151,3.39
-0.0024092611035841,-0.0277192222272066,0.0116035057183081,0.1324682079120998,0.9916797762628912,0.0432253653430278,1.6438355663267632,2.1187610037622773,0.16,-1.958761003762277,3.5
0.0568728752043399,0.0846273282874534,0.0872185627323887,0.1361817148363435,0.9639023745830444,0.0296893630973536,1.527942862886472,1.6438355663267632,0.16,-1.4838355663267633,3.23
0.0303482333296827,0.0848118474304384,0.1547916644014768,0.370612451782514,0.9621940279379724,0.0296956274933861,0.3439682942003385,1.527942862886472,0.15,-1.377942862886472,3.09
0.1278564392945713,0.215077547828594,0.1873583256013873,0.3671328890159984,0.9112182469198454,0.050415065916222,-1.7945871744709274,0.3439682942003385,0.12,-0.2239682942003384,3.33
-0.0756120402570514,0.0825926323672026,0.167219960654656,0.2148085610303267,1.0092136471446815,0.1017634937654592,-2.6941231232083678,-1.7945871744709274,0.12,1.9145871744709275,3.16
-0.0113762694800025,0.0408681295575172,0.1256799769879557,0.1547659887317318,1.034108384080704,0.1040123419047599,-2.511111388976716,-2.6941231232083678,0.12,2.8141231232083674,3.74
0.0318726756816616,-0.0551156340553924,0.1599619137732015,0.1715654194915097,0.982780707242232,0.0540827601387357,-2.021336357866529,-2.511111388976716,0.11,2.621111388976716,3.5500000000000003
-0.0039401859877519,0.0165562202139071,0.0991488525811097,0.1863674153134984,0.9921339913264544,0.0231240410837328,-2.1261714393279885,-2.021336357866529,0.13,2.151336357866529,3.45
0.0577016090871405,0.0856340987810502,0.1265022283385675,0.2812938927400443,0.9638632449676744,0.0309553596917462,-2.00677075253044,-2.1261714393279885,0.16,2.2861714393279886,3.69
0.0286365938615849,0.0823980169609734,0.027282382905581,0.2146407085069683,0.963017832647462,0.0308375652829171,-1.803548929218568,-2.00677075253044,0.2,2.2067707525304403,3.52
0.0251140835301688,0.1114522864788942,0.1280085066928014,0.2952284673474574,0.9742890012574578,0.0178844905389329,-0.9415605940686268,-1.803548929218568,0.2,2.003548929218568,3.11
-0.0510440868872272,0.0027065905045264,0.0883406892855767,0.2140206662735324,1.0262127995044623,0.045021265132813,-1.1607784804821075,-0.9415605940686268,0.18,1.1215605940686268,2.78
0.0545694490833637,0.0286394457263052,0.1110374626872787,0.2709993764604803,0.9811245301127728,0.0545006184390123,-0.9601775395112546,-1.1607784804821075,0.18,1.3407784804821077,2.8000000000000003
0.0463382245559711,0.0498635867521075,0.1613158732310018,0.2604647258121115,0.9529118305844024,0.0587442005924157,-0.9283122472331776,-0.9601775395112546,0.19,1.1501775395112546,2.39
0.0359966878630912,0.1369043615024261,0.1396109520069526,0.2661131803455201,0.96186898448242,0.0093063410079354,-0.9766951489314626,-0.9283122472331776,0.19,1.1183122472331777,2.35
0.0207756132992908,0.1031105257183533,0.1317499714446586,0.1590323543502396,0.974749296587548,0.0128586908762595,-0.894544776600338,-0.9766951489314626,0.19,1.1666951489314623,2.47
0.0251482531734872,0.0819205543358694,0.1317841410879769,0.2597926477807784,0.9767600018760844,0.0078367683131174,-1.257793022217937,-0.894544776600338,0.19,1.084544776600338,2.79
-0.0630856115482156,-0.0171617450754375,0.1197426164269885,0.2080833057125652,1.0345947296115898,0.049727658125905,-1.5307834915029774,-1.257793022217937,0.18,1.437793022217937,3.19
0.0549620900267364,0.017024731652008,0.1201352573703613,0.2311727200576401,0.9848925455706078,0.0613858555895533,-1.9648981733331448,-1.5307834915029774,0.17,1.7007834915029774,3.32
0.0210548868429092,0.01293136532143,0.0948519196572994,0.2561677928883012,0.9686552306873162,0.0607790832227465,-2.479241510354109,-1.9648981733331448,0.16,2.124898173333145,3.27
0.0778017953961738,0.1538187722658195,0.1366570271903819,0.2762679791973346,0.9436734344213142,0.0285527646048058,-2.9772344447868693,-2.479241510354109,0.14,2.619241510354109,3.36
-0.0126731296560516,0.0861835525830314,0.1032082842350394,0.234958255679698,0.9832335589102896,0.0457229023402799,-3.3689718808965,-2.9772344447868693,0.1,3.0772344447868694,3.22
-0.0223722977545333,0.0427563679855889,0.0556877333070189,0.1874718743949959,1.0194303965930265,0.0552488836441893,-3.4123181506360414,-3.3689718808965,0.09,3.4589718808965,2.87
0.0819859055604319,0.046940478149847,0.2007592504156665,0.3205018668426551,0.9544711459865948,0.0576556464552631,-3.5098809769996167,-3.4123181506360414,0.09,3.502318150636041,3.1500000000000004
0.115928557105926,0.1755421649118247,0.2617257174948562,0.3818609748652175,0.90365962402868,0.0720761919177667,-3.65499603070808,-3.5098809769996167,0.07,3.5798809769996165,2.67
-0.1213996019498182,0.0765148607165397,0.1192712287021287,0.2141231483594281,1.044854013848651,0.128350057356129,-3.732621692818685,-3.65499603070808,0.1,3.75499603070808,2.07
0.0614980903573343,0.0560270455134421,0.1029675236632892,0.2396245508536711,1.0006955715279389,0.1243241037520749,-3.4522681306640526,-3.732621692818685,0.08,3.812621692818685,1.73
0.0144442160231017,-0.0454572955693821,0.1300848693424425,0.233293153577482,0.9708430935649128,0.0949729573989385,-3.371432214581729,-3.4522681306640526,0.07,3.5222681306640524,1.93
-0.1107518790051131,-0.0348095726246771,0.0417052880918626,0.0973930213988816,1.0727384903412476,0.0890301271532468,-2.9920668384193863,-3.371432214581729,0.08,3.451432214581729,2.04
0.1050796490548484,0.008771986072837,0.0647990315862792,0.2655582820019457,0.9686470543170154,0.1083759601540429,-2.9287663379855022,-2.9920668384193863,0.07,3.062066838419386,1.89
-0.0168616562631189,-0.0225338862133837,-0.0679911817827658,0.1937345357120903,0.977521961861353,0.108219148316344,-2.798178442347388,-2.9287663379855022,0.08,3.0087663379855023,1.77
-0.0232926113398055,0.0649253814519239,0.0301158088272468,0.1493870375293755,1.0215124509041609,0.0723308098999325,-2.4528752813320978,-2.798178442347388,0.1,2.898178442347388,1.9
-0.0046161767772705,-0.044770444380195,-0.035998458307358,0.0669690653559311,1.0109762448423667,0.0094878708447984,-2.133163374134857,-2.4528752813320978,0.13,2.5828752813320977,2.08
-0.0619700162988188,-0.0898788044158949,-0.1124126906292786,0.0176721787131639,1.0442611771725696,0.0292523895610705,-1.577942937466075,-2.133163374134857,0.14,2.2731633741348567,1.82
0.0252506787653135,-0.0413355143107758,0.023589867141148,0.0652951552330107,1.0041557578024352,0.044326330804116,-1.4938704482976342,-1.577942937466075,0.16,1.7379429374660749,1.31
0.0064620580280907,-0.0302572795054145,-0.0750277238856096,-0.0102286922993304,0.9874478715058428,0.0459046306911792,-1.2575114798464784,-1.4938704482976342,0.16,1.653870448297634,1.4500000000000002
0.0442201532892685,0.0759328900826727,-0.0139459143332221,-0.0819370961159879,0.9691080034763372,0.0188791198182651,-1.5559349154821236,-1.2575114798464784,0.16,1.4175114798464783,1.4300000000000002
0.0498731112447101,0.1005553225620694,0.0592198082512935,0.0893356170785404,0.953849333859481,0.0236013743694954,-1.8097168982819607,-1.5559349154821236,0.13,1.6859349154821237,1.4500000000000002
-0.031379614447446,0.0627136500865326,0.032456370581118,-0.0035420877262399,1.0045178678766022,0.0453675475935094,-1.9956780595369363,-1.8097168982819607,0.14,1.9497168982819613,1.48
-0.0037298254091249,0.0147636713881391,0.0906965614708119,-0.0217161291584666,1.0131566143126836,0.041311400936835,-1.6360197033926265,-1.9956780595369363,0.16,2.1556780595369363,1.59
-0.0217804094591369,-0.0568898493157079,0.0436654732463615,0.0672553403875095,1.0159525798623543,0.014038513423305,-1.5995049796895524,-1.6360197033926265,0.16,1.7960197033926262,1.47
-0.0082689667637922,-0.0337792016320541,0.0289344484544784,-0.0460932754311311,1.012936221419976,0.0093895906237873,-1.5440617620982988,-1.5995049796895524,0.16,1.7595049796895523,1.7200000000000002
-0.0518001046613068,-0.081849480884236,-0.0670858094960968,-0.081031723829319,1.0383583634328202,0.0222811622617002,-1.8681404902574807,-1.5440617620982988,0.14,1.684061762098299,1.89
0.011090919662295,-0.048978151762804,-0.105868001078512,-0.0466481928272184,1.0101731737377535,0.0322103661097774,-1.3787472411246182,-1.8681404902574807,0.15,2.0181404902574807,1.7200000000000002
-0.0806225586524145,-0.1213317436514263,-0.1551109452834804,-0.1226545747023624,1.051989221746711,0.046899496975135,-0.9888080475768668,-1.3787472411246182,0.14,1.5187472411246183,1.7100000000000002
-0.0552302579841619,-0.1247618969742814,-0.2066113778585174,-0.1159148163877055,1.067432400095717,0.0473543902262902,-1.2803888279197084,-0.9888080475768668,0.15,1.138808047576867,1.5499999999999998
-0.129580638788183,-0.2654334554247595,-0.3144116071875635,-0.270746133941202,1.113780610716134,0.0377925073471587,-1.6257935271568724,-1.2803888279197084,0.11,1.3903888279197083,2.04
0.0704355393111737,-0.1143753574611712,-0.2357071011125975,-0.206772652658119,0.9976389946686974,0.101099244340276,-1.795471805415806,-1.6257935271568724,0.09,1.7157935271568725,2.41
0.0613680396918061,0.0022229402147968,-0.1225389567594845,-0.1896247662555814,0.9389967289831196,0.1129528580603985,-1.458809488600279,-1.795471805415806,0.09,1.885471805415806,2.66
-0.0507618796623945,0.0810416993405853,-0.1843917560841741,-0.2902597571626861,1.013840743531776,0.0675082127467732,-1.0147341081747996,-1.458809488600279,0.08,1.538809488600279,2.78
-0.0024899096124824,0.0081162504169292,-0.106259107044242,-0.2613700523277225,1.0190627282113267,0.0562452066049904,-0.7867991434911471,-1.0147341081747996,0.08,1.0947341081747997,2.5700000000000003
-0.0569673456124584,-0.1102191348873353,-0.1079961946725385,-0.314607572531056,1.0399605459586263,0.0298230390059111,-1.1528701961954455,-0.7867991434911471,0.09,0.8767991434911471,2.57
-0.0392271111264035,-0.0986843663513443,-0.017642667010759,-0.3320542741983225,1.0469932629127503,0.027785274660709,-1.4228383667573297,-1.1528701961954455,0.08,1.2328701961954458,2.72
0.0307136872869557,-0.0654807694519061,-0.0573645190349769,-0.2930716201475745,0.992767650696349,0.0463580175241684,-1.487758795574915,-1.4228383667573297,0.09,1.5128383667573295,2.93
0.0638930474988943,0.0553796236594466,-0.0548395112278887,-0.1773784679873733,0.9492786521388216,0.0526408465320712,-1.0504746347724947,-1.487758795574915,0.07,1.557758795574915,2.54
-0.0290186938890357,0.0655880408968143,-0.03309632545453,-0.2174880815387041,0.9983901957729656,0.0470840011623999,-1.532694913940804,-1.0504746347724947,0.07,1.1204746347724948,2.52
0.009381004563691,0.0442553581735496,-0.0212254112783565,-0.1274845183225985,1.0034982123106206,0.046688134384744,-1.9251253036061688,-1.532694913940804,0.08,1.6126949139408042,2.68
-0.0392670140939701,-0.0589047034193148,-0.0035250797598682,-0.1115212744324067,1.023461744248261,0.0256456449441208,-2.0769476870798123,-1.9251253036061688,0.09,2.015125303606169,2.54
0.0592073210642327,0.0293213115339536,0.094909352430768,0.077266685420009,0.9742561775088248,0.0492383424784968,-1.9589816945944196,-2.0769476870798123,0.09,2.166947687079812,2.44
-0.0301005525926316,-0.010160245622369,0.0340951125511805,-0.0232694064837963,1.0006236357966949,0.0544014629068253,-1.8842378703305973,-1.9589816945944196,0.1,2.0589816945944195,2.49
0.0035794917995159,0.032686260271117,-0.0262184431481977,-0.0810579543760865,1.0077675935995027,0.0451011771392427,-1.625098348296906,-1.8842378703305973,0.09,1.9742378703305972,2.43
-0.0606828804654333,-0.087203941258549,-0.0578826297245953,-0.0909789551791253,1.040442390227798,0.0321436273038571,-1.5940509711232076,-1.625098348296906,0.09,1.7150983482969062,2.33
-0.0335714641995039,-0.0906748528654213,-0.1008350984877903,-0.1220605097661469,1.044326846477751,0.0322616255859926,-1.519541702151329,-1.5940509711232076,0.09,1.6840509711232077,2.33
0.0033232530265459,-0.0909310916383914,-0.0582448313672743,-0.0617699111271425,1.009130866298029,0.0321274394034337,-1.141524989320798,-1.519541702151329,0.09,1.6095417021513292,2.27
0.0072894033567867,-0.0229588078161713,-0.1101627490747203,-0.0152533966439523,0.9940601863581342,0.0225335342881267,-0.5331213919623191,-1.141524989320798,0.09,1.231524989320798,2.1
0.0772518901828336,0.0878645465661662,-0.002810306299255,0.0312848062519255,0.9481967896602044,0.0415851001023063,0.3399309782054281,-0.5331213919623191,0.12,0.6531213919623191,2.01
-0.0530558157428711,0.0314854777967492,-0.0594456138416421,-0.0856640569898399,1.010194268128486,0.0652129757725799,0.1970314629352053,0.3399309782054281,0.11,-0.2299309782054281,1.5699999999999998
-0.0249564343802832,-0.0007603599403207,-0.023719167756492,-0.0816017974810874,1.035468785215235,0.0685762532593944,0.1320312844238734,0.1970314629352053,0.11,-0.0870314629352053,1.97
-0.000676361202653,-0.0786886113258074,0.0091759352403588,-0.0916591632474315,1.0088802435723951,0.0262129244343387,0.2240309893939106,0.1320312844238734,0.11,-0.0220312844238734,1.75
0.0062389545598677,-0.0193938410230685,0.0120916367736807,-0.0461531945935935,0.9960777721745953,0.0163834054087963,0.0849667817557041,0.2240309893939106,0.12,-0.1040309893939106,2.0
-0.015244197643117,-0.0096816042859022,-0.010441964226223,-0.1206047133009433,1.0081356317915455,0.0109663825639102,-0.0495718097550524,0.0849667817557041,0.12,0.0350332182442958,2.06
-0.0676953448289747,-0.076700587912224,-0.1553891992380314,-0.1581995055372864,1.0521717955742245,0.0380327255921533,-0.0956861110409458,-0.0495718097550524,0.13,0.1795718097550525,2.3000000000000003
0.0335818950754758,-0.0493576473966159,-0.0687514884196844,-0.1281971022613266,1.00055923473142,0.0506494315432741,-0.1013037985344867,-0.0956861110409458,0.13,0.2256861110409458,2.02
-0.0153938173509295,-0.0495072671044285,-0.0591888713903308,-0.0829080391468228,0.9991630798660928,0.0506477204272716,0.1311570383658299,-0.1013037985344867,0.14,0.2413037985344868,2.03
0.0232218180963483,0.0414098958208946,-0.0352906920913294,-0.0261147568509705,0.9897494305239176,0.0258105886013363,-0.007616560670507,0.1311570383658299,0.14,0.00884296163417,1.93
-0.0689991294854559,-0.0611711287400371,-0.1105287761366531,-0.0984371393629723,1.0394255139397353,0.0463130650445477,-0.3163182169185187,-0.007616560670507,0.12,0.127616560670507,2.08
-0.0047988800634461,-0.0505761914525537,-0.1000834585569823,-0.1105254227832053,1.0271332452996291,0.0472784918049363,-0.3987247515364791,-0.3163182169185187,0.12,0.4363182169185187,1.91
0.0516516531084616,-0.0221463564404404,0.0192635393804541,-0.1361256598575773,0.967962498507106,0.0603668590947132,-0.8975025026943875,-0.3987247515364791,0.24,0.6387247515364791,1.9
0.1004757993867837,0.1473285724317992,0.086157443691762,0.0174059552720775,0.9210952689565782,0.0526833593090969,-0.4672775790126618,-0.8975025026943875,0.34,1.2375025026943876,1.59
0.0009716599954754,0.1530991124907208,0.102522921038167,0.0433340496478362,0.9675191539872668,0.0497549540544195,-0.5316160965521947,-0.4672775790126618,0.38,0.8472775790126619,1.4700000000000002
0.0434730581142419,0.1449205174965011,0.1227741610560606,0.0874834689647312,0.9713289422704376,0.0499278731615906,-0.8026257503534843,-0.5316160965521947,0.36,0.8916160965521946,1.42
-0.0582301642019236,-0.0137854460922062,0.1335431263395929,0.0230143502029398,1.0249418206707734,0.0510796278044407,-0.7084764621246223,-0.8026257503534843,0.37,1.1726257503534845,1.5099999999999998
0.081286602803726,0.0665294967160443,0.2196286092067652,0.1195451506497828,0.9663789186733304,0.0721553161210637,-0.6992865347959424,-0.7084764621246223,0.37,1.0784764621246223,1.4700000000000002
0.0275585940476195,0.0506150326494219,0.195535550145923,0.2147990895263771,0.956562308164518,0.0703696646794668,-0.4783633430518256,-0.6992865347959424,0.38,1.0792865347959424,1.0699999999999998
-0.034549503978571,0.0742956928727744,0.0605102467805682,0.1466676904723303,1.014056224899598,0.0579685523938152,-0.6553158595656864,-0.4783633430518256,0.39,0.8683633430518256,1.11
0.0043370811754814,-0.00265382875547,0.0638756679605743,0.1663985889987413,1.0087819198744716,0.0313815790059637,-1.1486446201652185,-0.6553158595656864,0.4,1.0553158595656864,1.17
-0.0339774789374009,-0.0641899017404905,-0.0135748690910686,0.109199291964992,1.021548451286885,0.022287886224864,-1.285924966243646,-1.1486446201652185,0.4,1.5486446201652182,1.23
-0.081123332183123,-0.1107637299450425,-0.036468037072268,0.0970750892673248,1.0688303944117896,0.0428061896737969,-1.274333471978894,-1.285924966243646,0.4,1.685924966243646,1.4200000000000002
-0.0190924272096149,-0.1341932383301389,-0.136847067085609,0.0827815421211561,1.041561749298139,0.0323834562059048,-1.5107989115119862,-1.274333471978894,0.41,1.6843334719788938,1.91
0.0505376038719851,-0.0496781555207528,-0.1138680572612433,0.0816674928846796,0.973254086181278,0.0658670080328085,-1.860393348257112,-1.5107989115119862,0.54,2.0507989115119862,1.8000000000000005
0.0344819786496453,0.0659271553120155,-0.044836574633027,0.0156736721475412,0.9615333492835686,0.0364608038238272,-2.1503616813294206,-1.860393348257112,0.65,2.510393348257112,1.82
-0.0021556034054457,0.0828639791161847,-0.0513292592139542,0.01254640874662,0.9901161551577152,0.0270082382904,-1.65119623655914,-2.1503616813294206,0.66,2.8103616813294208,1.67
0.0078835973990281,0.0402099726432276,-0.0094681828775251,-0.0230430519685937,0.9954785921131908,0.0189322117777672,-1.276223471915395,-1.65119623655914,0.79,2.44119623655914,1.4500000000000002
0.0078219321184422,0.0135499261120246,0.0794770814240402,0.0430090443517721,0.9922085795872654,0.0057784163131712,-0.9463431667619756,-1.276223471915395,0.9,2.176223471915395,1.42
0.0077612240436963,0.0234667535611667,0.1063307326773514,-0.0305163344082575,0.992268816488293,6.118730176154022e-05,-0.6005658099591269,-0.9463431667619756,0.91,1.856343166761976,1.17
0.007701451058836,0.0232846072209746,0.0634945798642023,-0.050373477397041,0.992328129129868,6.0241134754716495e-05,-0.5751073506566073,-0.6005658099591269,1.04,1.640565809959127,1.2000000000000002
0.0076425917240108,0.0231052668265432,0.0366551929385678,-0.0081813816944591,0.9923865386224314,5.931674637911556e-05,-0.7681215572969802,-0.5751073506566073,1.15,1.7251073506566073,1.1
0.0075846252498394,0.0229286680326863,0.0463954215938531,-0.0049338376201011,0.9924440654383876,5.84134733151662e-05,-1.0305652303711788,-0.7681215572969802,1.16,1.92812155729698,1.0100000000000002
0.0075275314729217,0.022754748446772,0.0460393556677467,0.0365711727902215,0.9925007294360292,5.753067730652698e-05,-0.870757753132485,-1.0305652303711788,1.15,2.1805652303711787,1.19
0.0074712908324547,0.022583447555216,0.0456887143817592,0.1251657958057994,0.9925565498823904,5.6667744034238224e-05,-1.012493864295566,-0.870757753132485,1.15,2.020757753132485,1.2100000000000002
0.0074158843478904,0.0224147066532669,0.0453433746859532,0.1516741073633047,0.9926115454750928,5.582408204414194e-05,-0.8299307195522532,-1.012493864295566,1.16,2.172493864295566,1.07
0.0073612935975759,0.0222484687779211,0.0450032172246932,0.1084977970888956,0.9926657343632236,5.499912173448653e-05,-0.7413188680639451,-0.8299307195522532,1.3,2.129930719552253,1.05
0.0073075006983329,0.0220846786437993,0.0446681261990153,0.0813233191375832,0.9927191341673064,5.4192314395060616e-05,-0.843468931091861,-0.7413188680639451,1.41,2.151318868063945,1.36
0.0072544882859264,0.0219232825818354,0.0443379892351023,0.0907334108289554,0.9927717619984028,5.340313129295793e-05,-0.8209497646499366,-0.843468931091861,1.42,2.263468931091861,1.3
0.0072022394963742,0.0217642284806336,0.0440126972585548,0.0900520529263015,0.992823634476394,5.26310628071882e-05,-0.7809963021052995,-0.8209497646499366,1.51,2.3309497646499366,1.04
0.0071507379480642,0.0216074657303648,0.0436921443741642,0.0893808587559235,0.9928747677474784,5.187561760461422e-05,-1.081921607842497,-0.7809963021052995,1.69,2.4709963021052994,1.2700000000000002
0.0070999677246255,0.0214529451690639,0.0433762277508993,0.0887196024368526,0.9929251775009298,5.113632185893797e-05,-0.9875506935940186,-1.081921607842497,1.7,2.781921607842497,1.07
0.0070499133585335,0.0213006190312232,0.0430648475118569,0.0880680647365501,0.9929748789851446,5.041271850681282e-05,-0.944124785561929,-0.9875506935940186,1.82,2.8075506935940187,0.9600000000000002
0.0070005598153941,0.0211504408985532,0.042757906628918,0.0874260328279334,0.9930238870230208,4.970436654121771e-05,-0.7329238568742575,-0.944124785561929,1.91,2.854124785561929,1.09
0.0069518924788902,0.0210023656528179,0.0424553108218819,0.0867933000569842,0.993072216026699,4.901084034062708e-05,-0.3820551058088279,-0.7329238568742575,1.91,2.642923856874257,0.95
0.0069038971363521,0.0208563494306366,0.0421569684618599,0.0861696657204147,0.9931198800116882,4.8331729025911405e-05,-0.302032470218053,-0.3820551058088279,1.95,2.332055105808828,0.8999999999999999
0.0068565599649121,0.0207123495801546,0.0418627904787078,0.0855549348528721,0.9931668926104216,4.766663585631918e-05,0.0526714223322271,-0.302032470218053,2.19,2.492032470218053,0.94
0.0068098675182395,0.0205703246195039,0.0415726902723219,0.0849489180232212,0.9932132670852524,4.701517764703731e-05,0.2676190956598936,0.0526714223322271,2.2,2.147328577667773,0.71
0.0067638067138009,0.0204302341969526,0.0412865836275893,0.0843514311394462,0.9932590163409292,4.637698421622645e-05,0.9124106421708666,0.2676190956598936,2.27,2.0023809043401064,0.2600000000000002
0.0067183648206414,0.0202920390526819,0.0410043886328366,0.0837622952617547,0.9933041529365676,4.575169786209079e-05,0.8811384648678122,0.9124106421708666,2.4,1.4875893578291333,0.3000000000000002
0.0066735294476543,0.0201557009820967,0.0407260256016006,0.0831813364234825,0.9933486890971444,4.513897285812543e-05,0.5268136486936017,0.8811384648678122,2.4,1.5188615351321877,0.3499999999999996
0.0066292885323133,0.0200211828006091,0.0404514169975618,0.0826083854594217,0.9933926367245376,4.453847497723676e-05,0.4194165297909391,0.5268136486936017,2.41,1.8831863513063984,0.0700000000000002
0.0065856303298539,0.0198884483098216,0.0401804873625035,0.0820432778412114,0.9934360074081292,4.394988103630466e-05,0.5940894446393865,0.4194165297909391,2.42,2.000583470209061,0.1299999999999999
0.0065425434028791,0.0197574622650464,0.0399131632471432,0.0814858535194651,0.9934788124349964,4.3372878459166016e-05,0.7088051056099509,0.5940894446393865,2.39,1.7959105553606136,-0.31
0.00650001661137,0.0196281903441031,0.0396493731447122,0.0809359567723015,0.9935210627997016,4.280716486202526e-05,0.5736686649629319,0.7088051056099509,2.38,1.671194894390049,-0.3700000000000001
0.0064580391030819,0.0195005991173311,0.0393890474271527,0.0803934360599893,0.9935627692137092,4.225244765819083e-05,0.3923587893333593,0.5736686649629319,2.4,1.826331335037068,-0.2299999999999999
0.00641660030431,0.0193746560187619,0.0391321182838084,0.0798581438854091,0.9936039421144414,4.1708443680571166e-05,0.3555022959608438,0.3923587893333593,2.13,1.7376412106666406,-0.5700000000000001
0.0063756899110165,0.0192503293184085,0.0388785196625116,0.0793299366600734,0.993644591673981,4.1174878816178936e-05,0.0960263003813706,0.3555022959608438,2.04,1.6844977040391562,-0.1800000000000001
0.0063352978802786,0.0191275880956052,0.0386281872129363,0.0788086745754399,0.9936847278074544,4.065148766479526e-05,-0.5422903948629167,0.0960263003813706,1.83,1.7339736996186297,0.1799999999999999
0.0062954144220781,0.0190064022133733,0.0383810582321353,0.0782942214792785,0.9937243601810932,4.013801320792109e-05,-0.7695274699624457,-0.5422903948629167,1.55,2.092290394862917,0.28
